style,preset,variant,cer_raw,cer_processed,wer,latency_sec
printed,clean,baseline,0.0,0.0,0.0,0.15463679999811575
printed,clean,baseline+deskew,0.0,0.0,0.0,0.12768020000657998
printed,clean,baseline+denoise,0.0,0.0,0.0,0.24278650000633206
printed,clean,baseline+clahe,0.0,0.0,0.0,0.12283379999280442
printed,clean,baseline+adaptive_threshold(sauvola),0.0,0.0,0.0,0.12521170001127757
printed,clean,baseline+adaptive_preprocessing,0.0,0.0,0.0,0.12862920000043232
printed,clean,baseline+multi_engine_selection,0.0,0.0,0.0,0.43379080000158865
printed,clean,full_pipeline(adaptive+multi_engine),0.0,0.0,0.0,0.11579490000440273
printed,heavy_blur,baseline,0.0,0.0,0.0,0.11497879998933058
printed,heavy_blur,baseline+deskew,0.0,0.0,0.0,0.11278009999659844
printed,heavy_blur,baseline+denoise,0.0,0.0,0.0,0.21725270000752062
printed,heavy_blur,baseline+clahe,0.0,0.0,0.0,0.10059739999996964
printed,heavy_blur,baseline+adaptive_threshold(sauvola),0.29411764705882354,0.29411764705882354,0.6666666666666666,0.13530209999589715
printed,heavy_blur,baseline+adaptive_preprocessing,0.0,0.0,0.0,0.0988638999988325
printed,heavy_blur,baseline+multi_engine_selection,0.0,0.0,0.0,0.37428849999560043
printed,heavy_blur,full_pipeline(adaptive+multi_engine),0.0,0.0,0.0,0.36888249999901745
printed,skewed,baseline,0.058823529411764705,0.058823529411764705,0.3333333333333333,0.12616849999176338
printed,skewed,baseline+deskew,0.0,0.0,0.0,0.10877210000762716
printed,skewed,baseline+denoise,0.058823529411764705,0.058823529411764705,0.3333333333333333,0.19725470000412315
printed,skewed,baseline+clahe,0.058823529411764705,0.058823529411764705,0.3333333333333333,0.09967750000942033
printed,skewed,baseline+adaptive_threshold(sauvola),0.7058823529411765,0.7058823529411765,0.6666666666666666,0.10668430000077933
printed,skewed,baseline+adaptive_preprocessing,0.0,0.0,0.0,0.11977150000166148
printed,skewed,baseline+multi_engine_selection,0.058823529411764705,0.058823529411764705,0.3333333333333333,0.4006188000057591
printed,skewed,full_pipeline(adaptive+multi_engine),0.0,0.0,0.0,0.3620664000045508
printed,noisy,baseline,0.0,0.0,0.0,0.1283047000033548
printed,noisy,baseline+deskew,0.0,0.0,0.0,0.11983359999430832
printed,noisy,baseline+denoise,0.0,0.0,0.0,0.22928040000260808
printed,noisy,baseline+clahe,0.0,0.0,0.0,0.11390399999800138
printed,noisy,baseline+adaptive_threshold(sauvola),0.0,0.0,0.0,0.10056219999387395
printed,noisy,baseline+adaptive_preprocessing,0.0,0.0,0.0,0.18519379998906516
printed,noisy,baseline+multi_engine_selection,0.0,0.0,0.0,0.3462699999945471
printed,noisy,full_pipeline(adaptive+multi_engine),0.0,0.0,0.0,0.48950300000433344
printed,combo_hard,baseline,0.0,0.0,0.0,0.12200109999685083
printed,combo_hard,baseline+deskew,0.29411764705882354,0.29411764705882354,0.3333333333333333,0.11108869999588933
printed,combo_hard,baseline+denoise,0.0,0.0,0.0,0.1991315999912331
printed,combo_hard,baseline+clahe,0.0,0.0,0.0,0.12739599999622442
printed,combo_hard,baseline+adaptive_threshold(sauvola),0.0,0.0,0.0,0.10286400000040885
printed,combo_hard,baseline+adaptive_preprocessing,0.17647058823529413,0.17647058823529413,0.3333333333333333,0.17352649998792913
printed,combo_hard,baseline+multi_engine_selection,0.0,0.0,0.0,0.32549220000510104
printed,combo_hard,full_pipeline(adaptive+multi_engine),0.17647058823529413,0.17647058823529413,0.3333333333333333,0.48602510000637267
handwritten_proxy,clean,baseline,0.0,0.0,0.0,0.12237159999494907
handwritten_proxy,clean,baseline+deskew,0.0,0.0,0.0,0.14017840000451542
handwritten_proxy,clean,baseline+denoise,0.0,0.0,0.0,0.17618189999484457
handwritten_proxy,clean,baseline+clahe,0.0,0.0,0.0,0.11476810000021942
handwritten_proxy,clean,baseline+adaptive_threshold(sauvola),0.0,0.0,0.0,0.09764319998794235
handwritten_proxy,clean,baseline+adaptive_preprocessing,0.0,0.0,0.0,0.11523399999714456
handwritten_proxy,clean,baseline+multi_engine_selection,0.0,0.0,0.0,0.3760035000013886
handwritten_proxy,clean,full_pipeline(adaptive+multi_engine),0.0,0.0,0.0,0.1321278999967035
handwritten_proxy,heavy_blur,baseline,0.0,0.0,0.0,0.1330141999933403
handwritten_proxy,heavy_blur,baseline+deskew,0.0,0.0,0.0,0.11491799999203067
handwritten_proxy,heavy_blur,baseline+denoise,0.0,0.0,0.0,0.18690169999899808
handwritten_proxy,heavy_blur,baseline+clahe,0.0,0.0,0.0,0.11145660000329372
handwritten_proxy,heavy_blur,baseline+adaptive_threshold(sauvola),0.0,0.0,0.0,0.11570819999906234
handwritten_proxy,heavy_blur,baseline+adaptive_preprocessing,0.0,0.0,0.0,0.10585209999408107
handwritten_proxy,heavy_blur,baseline+multi_engine_selection,0.0,0.0,0.0,0.4001997000013944
handwritten_proxy,heavy_blur,full_pipeline(adaptive+multi_engine),0.0,0.0,0.0,0.3609520999889355
handwritten_proxy,skewed,baseline,0.0,0.0,0.0,0.12059479999879841
handwritten_proxy,skewed,baseline+deskew,0.0,0.0,0.0,0.13085239999054465
handwritten_proxy,skewed,baseline+denoise,0.0,0.0,0.0,0.23240020000957884
handwritten_proxy,skewed,baseline+clahe,0.0,0.0,0.0,0.11579880000499543
handwritten_proxy,skewed,baseline+adaptive_threshold(sauvola),0.0,0.0,0.0,0.12632869998924434
handwritten_proxy,skewed,baseline+adaptive_preprocessing,0.0,0.0,0.0,0.13446200000180397
handwritten_proxy,skewed,baseline+multi_engine_selection,0.0,0.0,0.0,0.3470108000037726
handwritten_proxy,skewed,full_pipeline(adaptive+multi_engine),0.0,0.0,0.0,0.12059170000429731
handwritten_proxy,noisy,baseline,0.0,0.0,0.0,0.12485009999363683
handwritten_proxy,noisy,baseline+deskew,0.0,0.0,0.0,0.13582679998944513
handwritten_proxy,noisy,baseline+denoise,0.0,0.0,0.0,1.9695326999935787
handwritten_proxy,noisy,baseline+clahe,0.0,0.0,0.0,0.1265162999916356
handwritten_proxy,noisy,baseline+adaptive_threshold(sauvola),0.0,0.0,0.0,0.1104505999974208
handwritten_proxy,noisy,baseline+adaptive_preprocessing,0.0,0.0,0.0,0.20475319999968633
handwritten_proxy,noisy,baseline+multi_engine_selection,0.0,0.0,0.0,0.40489639999577776
handwritten_proxy,noisy,full_pipeline(adaptive+multi_engine),0.0,0.0,0.0,0.24158380000153556
handwritten_proxy,combo_hard,baseline,0.058823529411764705,0.058823529411764705,0.6666666666666666,0.13016699999570847
handwritten_proxy,combo_hard,baseline+deskew,0.058823529411764705,0.058823529411764705,0.3333333333333333,0.13053179999405984
handwritten_proxy,combo_hard,baseline+denoise,0.058823529411764705,0.058823529411764705,0.3333333333333333,0.21611249999841675
handwritten_proxy,combo_hard,baseline+clahe,0.058823529411764705,0.058823529411764705,0.3333333333333333,0.11393849999876693
handwritten_proxy,combo_hard,baseline+adaptive_threshold(sauvola),0.0,0.0,0.0,0.13934490000247024
handwritten_proxy,combo_hard,baseline+adaptive_preprocessing,0.058823529411764705,0.058823529411764705,0.3333333333333333,0.19511259999126196
handwritten_proxy,combo_hard,baseline+multi_engine_selection,0.0,0.0,0.0,0.4090933999978006
handwritten_proxy,combo_hard,full_pipeline(adaptive+multi_engine),0.058823529411764705,0.058823529411764705,0.3333333333333333,0.5754511000122875
printed,clean,baseline,0.0,0.0,0.0,0.5772710000019288
printed,clean,baseline+deskew,0.0,0.0,0.0,0.08825380000052974
printed,clean,baseline+denoise,0.0,0.0,0.0,0.21683330000087153
printed,clean,baseline+clahe,0.0,0.0,0.0,0.131582799993339
printed,clean,baseline+adaptive_threshold(sauvola),0.0,0.0,0.0,0.13851839999551885
printed,clean,baseline+adaptive_preprocessing,0.0,0.0,0.0,0.13331360000302084
printed,clean,baseline+multi_engine_selection,0.0,0.0,0.0,0.5295094000030076
printed,clean,full_pipeline(adaptive+multi_engine),0.0,0.0,0.0,0.13390139999683015
printed,heavy_blur,baseline,0.08695652173913043,0.08695652173913043,1.0,0.13072650000685826
printed,heavy_blur,baseline+deskew,0.08695652173913043,0.08695652173913043,1.0,0.11102300000493415
printed,heavy_blur,baseline+denoise,1.0,1.0,1.0,0.20443549999617971
printed,heavy_blur,baseline+clahe,0.043478260869565216,0.043478260869565216,0.3333333333333333,0.12556729999778327
printed,heavy_blur,baseline+adaptive_threshold(sauvola),0.043478260869565216,0.043478260869565216,0.6666666666666666,0.10391099999833386
printed,heavy_blur,baseline+adaptive_preprocessing,0.043478260869565216,0.043478260869565216,0.3333333333333333,0.1085698999959277
printed,heavy_blur,baseline+multi_engine_selection,0.08695652173913043,0.08695652173913043,1.0,0.51663080000435
printed,heavy_blur,full_pipeline(adaptive+multi_engine),0.043478260869565216,0.043478260869565216,0.3333333333333333,0.4027625999879092
printed,skewed,baseline,0.08695652173913043,0.08695652173913043,0.3333333333333333,0.12457309999444988
printed,skewed,baseline+deskew,0.0,0.0,0.0,0.14108679999480955
printed,skewed,baseline+denoise,0.08695652173913043,0.08695652173913043,0.3333333333333333,0.19294320000335574
printed,skewed,baseline+clahe,0.08695652173913043,0.08695652173913043,0.3333333333333333,0.09376620000693947
printed,skewed,baseline+adaptive_threshold(sauvola),0.043478260869565216,0.043478260869565216,0.0,0.146002800000133
printed,skewed,baseline+adaptive_preprocessing,0.0,0.0,0.0,0.14808320000884123
printed,skewed,baseline+multi_engine_selection,0.043478260869565216,0.043478260869565216,0.3333333333333333,0.34508959999948274
printed,skewed,full_pipeline(adaptive+multi_engine),0.0,0.0,0.0,0.12677800000528805
printed,noisy,baseline,0.0,0.0,0.0,0.14215699999476783
printed,noisy,baseline+deskew,0.0,0.0,0.0,0.12443270000221673
printed,noisy,baseline+denoise,0.0,0.0,0.0,0.20333819999359548
printed,noisy,baseline+clahe,0.0,0.0,0.0,0.11704469998949207
printed,noisy,baseline+adaptive_threshold(sauvola),0.0,0.0,0.0,0.1326063000014983
printed,noisy,baseline+adaptive_preprocessing,0.0,0.0,0.0,0.19622199999867007
printed,noisy,baseline+multi_engine_selection,0.0,0.0,0.0,0.3864365000044927
printed,noisy,full_pipeline(adaptive+multi_engine),0.0,0.0,0.0,0.29786669999884907
printed,combo_hard,baseline,0.0,0.0,0.0,0.08708189999742899
printed,combo_hard,baseline+deskew,0.0,0.0,0.0,0.12186239998845849
printed,combo_hard,baseline+denoise,0.0,0.0,0.0,0.20505899999989197
printed,combo_hard,baseline+clahe,1.0,1.0,1.0,0.10129030000825878
printed,combo_hard,baseline+adaptive_threshold(sauvola),0.0,0.0,0.0,0.09791080000286456
printed,combo_hard,baseline+adaptive_preprocessing,0.0,0.0,0.0,0.2068538999883458
printed,combo_hard,baseline+multi_engine_selection,0.0,0.0,0.0,0.3433482999971602
printed,combo_hard,full_pipeline(adaptive+multi_engine),0.0,0.0,0.0,0.467497400008142
handwritten_proxy,clean,baseline,0.08695652173913043,0.08695652173913043,0.3333333333333333,0.13045820000115782
handwritten_proxy,clean,baseline+deskew,0.08695652173913043,0.08695652173913043,0.3333333333333333,0.12159159999282565
handwritten_proxy,clean,baseline+denoise,0.08695652173913043,0.08695652173913043,0.3333333333333333,0.22140310000395402
handwritten_proxy,clean,baseline+clahe,0.08695652173913043,0.08695652173913043,0.3333333333333333,0.12851799999771174
handwritten_proxy,clean,baseline+adaptive_threshold(sauvola),0.0,0.0,0.0,0.11121139999886509
handwritten_proxy,clean,baseline+adaptive_preprocessing,0.08695652173913043,0.08695652173913043,0.3333333333333333,0.1255338000046322
handwritten_proxy,clean,baseline+multi_engine_selection,0.043478260869565216,0.043478260869565216,0.3333333333333333,0.40486919999239035
handwritten_proxy,clean,full_pipeline(adaptive+multi_engine),0.08695652173913043,0.08695652173913043,0.3333333333333333,0.12566040000820067
handwritten_proxy,heavy_blur,baseline,0.0,0.0,0.0,0.12413170000945684
handwritten_proxy,heavy_blur,baseline+deskew,0.0,0.0,0.0,0.12863859999924898
handwritten_proxy,heavy_blur,baseline+denoise,0.043478260869565216,0.043478260869565216,0.6666666666666666,0.19438929999887478
handwritten_proxy,heavy_blur,baseline+clahe,0.0,0.0,0.0,0.14027329999953508
handwritten_proxy,heavy_blur,baseline+adaptive_threshold(sauvola),0.17391304347826086,0.17391304347826086,1.0,0.11963159999868367
handwritten_proxy,heavy_blur,baseline+adaptive_preprocessing,0.0,0.0,0.0,0.13743639999302104
handwritten_proxy,heavy_blur,baseline+multi_engine_selection,0.08695652173913043,0.08695652173913043,0.6666666666666666,0.45428809999430086
handwritten_proxy,heavy_blur,full_pipeline(adaptive+multi_engine),0.043478260869565216,0.043478260869565216,0.3333333333333333,0.5029216999973869
handwritten_proxy,skewed,baseline,0.043478260869565216,0.043478260869565216,0.3333333333333333,0.1200778999918839
handwritten_proxy,skewed,baseline+deskew,0.043478260869565216,0.043478260869565216,0.6666666666666666,0.13363670000398997
handwritten_proxy,skewed,baseline+denoise,0.043478260869565216,0.043478260869565216,0.3333333333333333,0.23948020000534598
handwritten_proxy,skewed,baseline+clahe,0.043478260869565216,0.043478260869565216,0.3333333333333333,0.10964989999774843
handwritten_proxy,skewed,baseline+adaptive_threshold(sauvola),0.043478260869565216,0.043478260869565216,0.3333333333333333,0.11637410000548698
handwritten_proxy,skewed,baseline+adaptive_preprocessing,0.043478260869565216,0.043478260869565216,0.6666666666666666,0.14080870000179857
handwritten_proxy,skewed,baseline+multi_engine_selection,0.043478260869565216,0.043478260869565216,0.3333333333333333,0.4413583999994444
handwritten_proxy,skewed,full_pipeline(adaptive+multi_engine),0.043478260869565216,0.043478260869565216,0.6666666666666666,0.12238820000493433
handwritten_proxy,noisy,baseline,0.043478260869565216,0.043478260869565216,0.6666666666666666,0.12535220000427216
handwritten_proxy,noisy,baseline+deskew,0.043478260869565216,0.043478260869565216,0.6666666666666666,0.12449240000569262
handwritten_proxy,noisy,baseline+denoise,0.08695652173913043,0.08695652173913043,1.0,0.22789120000379626
handwritten_proxy,noisy,baseline+clahe,0.0,0.0,0.0,0.13731829999596812
handwritten_proxy,noisy,baseline+adaptive_threshold(sauvola),0.0,0.0,0.0,0.10988479999650735
handwritten_proxy,noisy,baseline+adaptive_preprocessing,0.08695652173913043,0.08695652173913043,1.0,0.20607479999307543
handwritten_proxy,noisy,baseline+multi_engine_selection,0.043478260869565216,0.043478260869565216,0.6666666666666666,0.42530030000489205
handwritten_proxy,noisy,full_pipeline(adaptive+multi_engine),0.08695652173913043,0.08695652173913043,1.0,0.22191800001019146
handwritten_proxy,combo_hard,baseline,0.043478260869565216,0.043478260869565216,0.3333333333333333,0.13521659999969415
handwritten_proxy,combo_hard,baseline+deskew,0.0,0.0,0.0,0.10673790000146255
handwritten_proxy,combo_hard,baseline+denoise,0.043478260869565216,0.043478260869565216,0.3333333333333333,0.19885489999433048
handwritten_proxy,combo_hard,baseline+clahe,0.2608695652173913,0.2608695652173913,1.0,0.13802889999351464
handwritten_proxy,combo_hard,baseline+adaptive_threshold(sauvola),0.043478260869565216,0.043478260869565216,0.3333333333333333,0.09920920000877231
handwritten_proxy,combo_hard,baseline+adaptive_preprocessing,0.043478260869565216,0.043478260869565216,0.6666666666666666,0.21547549999377225
handwritten_proxy,combo_hard,baseline+multi_engine_selection,0.0,0.0,0.0,0.4633477000024868
handwritten_proxy,combo_hard,full_pipeline(adaptive+multi_engine),0.043478260869565216,0.043478260869565216,0.6666666666666666,0.6193916000047466
printed,clean,baseline,0.0,0.0,0.0,0.11582639999687672
printed,clean,baseline+deskew,0.0,0.0,0.0,0.11361349999788217
printed,clean,baseline+denoise,0.0,0.0,0.0,0.2067251000116812
printed,clean,baseline+clahe,0.0,0.0,0.0,0.1382439000008162
printed,clean,baseline+adaptive_threshold(sauvola),0.0,0.0,0.0,0.13296439999248832
printed,clean,baseline+adaptive_preprocessing,0.0,0.0,0.0,0.12618269999802578
printed,clean,baseline+multi_engine_selection,0.0,0.0,0.0,0.37708000000566244
printed,clean,full_pipeline(adaptive+multi_engine),0.0,0.0,0.0,0.11355359999288339
printed,heavy_blur,baseline,0.0,0.0,0.0,0.1259062999888556
printed,heavy_blur,baseline+deskew,0.0,0.0,0.0,0.1348463000031188
printed,heavy_blur,baseline+denoise,0.04,0.04,0.2,0.22923830000218004
printed,heavy_blur,baseline+clahe,0.0,0.0,0.0,0.1336544999940088
printed,heavy_blur,baseline+adaptive_threshold(sauvola),0.12,0.12,0.4,0.1355184999993071
printed,heavy_blur,baseline+adaptive_preprocessing,0.0,0.0,0.0,0.1450369999947725
printed,heavy_blur,baseline+multi_engine_selection,0.0,0.0,0.0,0.3784851999953389
printed,heavy_blur,full_pipeline(adaptive+multi_engine),0.0,0.0,0.0,0.4721633000008296
printed,skewed,baseline,0.8,0.8,0.8,0.11208189999160822
printed,skewed,baseline+deskew,0.0,0.0,0.0,0.12264169999980368
printed,skewed,baseline+denoise,0.8,0.8,0.8,0.17236460000276566
printed,skewed,baseline+clahe,0.8,0.8,0.8,0.1354090999957407
printed,skewed,baseline+adaptive_threshold(sauvola),0.8,0.8,0.8,0.13239990000147372
printed,skewed,baseline+adaptive_preprocessing,0.0,0.0,0.0,0.10412760000326671
printed,skewed,baseline+multi_engine_selection,0.0,0.0,0.0,0.45771509999758564
printed,skewed,full_pipeline(adaptive+multi_engine),0.0,0.0,0.0,0.11476870000478812
printed,noisy,baseline,0.0,0.0,0.0,0.11930040000879671
printed,noisy,baseline+deskew,0.0,0.0,0.0,0.12262729999201838
printed,noisy,baseline+denoise,0.0,0.0,0.0,0.21622979998937808
printed,noisy,baseline+clahe,0.0,0.0,0.0,0.13748619999387302
printed,noisy,baseline+adaptive_threshold(sauvola),0.0,0.0,0.0,0.10053289998904802
printed,noisy,baseline+adaptive_preprocessing,0.0,0.0,0.0,0.23609900000155903
printed,noisy,baseline+multi_engine_selection,0.0,0.0,0.0,0.44272839999757707
printed,noisy,full_pipeline(adaptive+multi_engine),0.0,0.0,0.0,0.46559269999852404
printed,combo_hard,baseline,0.36,0.36,0.8,0.13393480000377167
printed,combo_hard,baseline+deskew,0.52,0.52,0.6,0.14849420000973623
printed,combo_hard,baseline+denoise,0.44,0.44,0.8,0.2090161999949487
printed,combo_hard,baseline+clahe,0.48,0.48,0.6,0.15526280000631232
printed,combo_hard,baseline+adaptive_threshold(sauvola),0.0,0.0,0.0,0.15045589998771902
printed,combo_hard,baseline+adaptive_preprocessing,0.36,0.36,0.6,0.19966959999874234
printed,combo_hard,baseline+multi_engine_selection,0.6,0.6,0.6,0.3713246999977855
printed,combo_hard,full_pipeline(adaptive+multi_engine),0.16,0.16,0.4,0.5415427999978419
handwritten_proxy,clean,baseline,0.08,0.08,0.4,0.11495420000574086
handwritten_proxy,clean,baseline+deskew,0.08,0.08,0.4,0.14653359999647364
handwritten_proxy,clean,baseline+denoise,0.08,0.08,0.4,0.21536529999866616
handwritten_proxy,clean,baseline+clahe,0.08,0.08,0.4,0.13486950000515208
handwritten_proxy,clean,baseline+adaptive_threshold(sauvola),0.04,0.04,0.2,0.12678999999479856
handwritten_proxy,clean,baseline+adaptive_preprocessing,0.08,0.08,0.4,0.11171990000002552
handwritten_proxy,clean,baseline+multi_engine_selection,0.08,0.08,0.4,0.44706289999885485
handwritten_proxy,clean,full_pipeline(adaptive+multi_engine),0.08,0.08,0.4,0.13221140000678133
handwritten_proxy,heavy_blur,baseline,0.04,0.04,0.2,0.13792779999494087
handwritten_proxy,heavy_blur,baseline+deskew,0.04,0.04,0.2,0.13484459999017417
handwritten_proxy,heavy_blur,baseline+denoise,0.04,0.04,0.2,0.21068260000902228
handwritten_proxy,heavy_blur,baseline+clahe,0.0,0.0,0.0,0.1608563000045251
handwritten_proxy,heavy_blur,baseline+adaptive_threshold(sauvola),0.08,0.08,0.2,0.13455360000079963
handwritten_proxy,heavy_blur,baseline+adaptive_preprocessing,0.04,0.04,0.2,0.11987670000235084
handwritten_proxy,heavy_blur,baseline+multi_engine_selection,0.08,0.08,0.4,0.48012379999272525
handwritten_proxy,heavy_blur,full_pipeline(adaptive+multi_engine),0.0,0.0,0.0,0.4559696999931475
handwritten_proxy,skewed,baseline,0.04,0.04,0.2,0.12911589999566786
handwritten_proxy,skewed,baseline+deskew,0.08,0.08,0.4,0.1204849999921862
handwritten_proxy,skewed,baseline+denoise,0.04,0.04,0.2,0.24332600001071114
handwritten_proxy,skewed,baseline+clahe,0.04,0.04,0.2,0.11883680000028107
handwritten_proxy,skewed,baseline+adaptive_threshold(sauvola),1.0,1.0,1.0,0.11498199999914505
handwritten_proxy,skewed,baseline+adaptive_preprocessing,0.08,0.08,0.4,0.14864059998944867
handwritten_proxy,skewed,baseline+multi_engine_selection,0.04,0.04,0.2,0.4010409000038635
handwritten_proxy,skewed,full_pipeline(adaptive+multi_engine),0.08,0.08,0.4,0.13683460000902414
handwritten_proxy,noisy,baseline,0.04,0.04,0.2,0.15651980000257026
handwritten_proxy,noisy,baseline+deskew,0.04,0.04,0.2,0.1295275999873411
handwritten_proxy,noisy,baseline+denoise,0.04,0.04,0.2,0.21542770000814926
handwritten_proxy,noisy,baseline+clahe,0.04,0.04,0.2,0.15361819999816362
handwritten_proxy,noisy,baseline+adaptive_threshold(sauvola),0.04,0.04,0.2,0.1305932999966899
handwritten_proxy,noisy,baseline+adaptive_preprocessing,0.04,0.04,0.2,0.17532570000912528
handwritten_proxy,noisy,baseline+multi_engine_selection,0.04,0.04,0.2,0.45703589999175165
handwritten_proxy,noisy,full_pipeline(adaptive+multi_engine),0.04,0.04,0.2,0.5230257999937749
handwritten_proxy,combo_hard,baseline,0.16,0.16,0.4,0.14425090000440832
handwritten_proxy,combo_hard,baseline+deskew,0.04,0.04,0.2,0.1387146000051871
handwritten_proxy,combo_hard,baseline+denoise,0.04,0.04,0.2,0.2044915000005858
handwritten_proxy,combo_hard,baseline+clahe,1.0,1.0,1.0,0.13064280000980943
handwritten_proxy,combo_hard,baseline+adaptive_threshold(sauvola),1.0,1.0,1.0,0.09946520000812598
handwritten_proxy,combo_hard,baseline+adaptive_preprocessing,0.04,0.04,0.2,0.18993480000062846
handwritten_proxy,combo_hard,baseline+multi_engine_selection,0.16,0.16,0.6,0.39737289999902714
handwritten_proxy,combo_hard,full_pipeline(adaptive+multi_engine),0.0,0.0,0.0,0.5854651999979978
printed,clean,baseline,0.0,0.0,0.0,0.14270379999652505
printed,clean,baseline+deskew,0.0,0.0,0.0,0.15050760000303853
printed,clean,baseline+denoise,0.0,0.0,0.0,0.17625720000069123
printed,clean,baseline+clahe,0.0,0.0,0.0,0.14019829999597277
printed,clean,baseline+adaptive_threshold(sauvola),0.0,0.0,0.0,0.14036160000250675
printed,clean,baseline+adaptive_preprocessing,0.0,0.0,0.0,0.14422309999645222
printed,clean,baseline+multi_engine_selection,0.0,0.0,0.0,0.41705060000822414
printed,clean,full_pipeline(adaptive+multi_engine),0.0,0.0,0.0,0.13238409999758005
printed,heavy_blur,baseline,0.0,0.0,0.0,0.1417955999932019
printed,heavy_blur,baseline+deskew,0.0,0.0,0.0,0.14039679999405053
printed,heavy_blur,baseline+denoise,0.08333333333333333,0.08333333333333333,0.2,0.2550563999975566
printed,heavy_blur,baseline+clahe,0.0,0.0,0.0,0.11124610000115354
printed,heavy_blur,baseline+adaptive_threshold(sauvola),0.0,0.0,0.0,0.08609230000001844
printed,heavy_blur,baseline+adaptive_preprocessing,0.0,0.0,0.0,0.14489130000583827
printed,heavy_blur,baseline+multi_engine_selection,0.0,0.0,0.0,0.3447930999973323
printed,heavy_blur,full_pipeline(adaptive+multi_engine),0.0,0.0,0.0,0.49364620000415016
printed,skewed,baseline,0.0,0.0,0.0,0.13901699999405537
printed,skewed,baseline+deskew,0.0,0.0,0.0,0.1162458000035258
printed,skewed,baseline+denoise,0.0,0.0,0.0,0.2231945999956224
printed,skewed,baseline+clahe,0.0,0.0,0.0,0.1440565999946557
printed,skewed,baseline+adaptive_threshold(sauvola),0.0,0.0,0.0,0.11430899999686517
printed,skewed,baseline+adaptive_preprocessing,0.0,0.0,0.0,0.10703700000885874
printed,skewed,baseline+multi_engine_selection,0.0,0.0,0.0,0.44104849999712314
printed,skewed,full_pipeline(adaptive+multi_engine),0.0,0.0,0.0,0.12938719999510795
printed,noisy,baseline,0.0,0.0,0.0,0.1414573000074597
printed,noisy,baseline+deskew,0.0,0.0,0.0,0.12035610000020824
printed,noisy,baseline+denoise,0.0,0.0,0.0,0.19317600000067614
printed,noisy,baseline+clahe,0.0,0.0,0.0,0.11469000000215601
printed,noisy,baseline+adaptive_threshold(sauvola),0.0,0.0,0.0,0.12737849999393802
printed,noisy,baseline+adaptive_preprocessing,0.0,0.0,0.0,0.22768499999074265
printed,noisy,baseline+multi_engine_selection,0.0,0.0,0.0,0.5267751999926986
printed,noisy,full_pipeline(adaptive+multi_engine),0.0,0.0,0.0,0.6969857000076445
printed,combo_hard,baseline,0.0,0.0,0.0,0.13408230000641197
printed,combo_hard,baseline+deskew,0.0,0.0,0.0,0.14796250000654254
printed,combo_hard,baseline+denoise,0.0,0.0,0.0,0.19897350000974257
printed,combo_hard,baseline+clahe,0.16666666666666666,0.16666666666666666,0.4,0.13984289999643806
printed,combo_hard,baseline+adaptive_threshold(sauvola),0.0,0.0,0.0,0.15125219999754336
printed,combo_hard,baseline+adaptive_preprocessing,0.0,0.0,0.0,0.26757460000226274
printed,combo_hard,baseline+multi_engine_selection,0.0,0.0,0.0,0.46462480000627693
printed,combo_hard,full_pipeline(adaptive+multi_engine),0.0,0.0,0.0,0.6430276000028243
handwritten_proxy,clean,baseline,0.041666666666666664,0.041666666666666664,0.2,0.13961699999345
handwritten_proxy,clean,baseline+deskew,0.041666666666666664,0.041666666666666664,0.2,0.15456770001037512
handwritten_proxy,clean,baseline+denoise,0.041666666666666664,0.041666666666666664,0.2,0.25836659999913536
handwritten_proxy,clean,baseline+clahe,0.041666666666666664,0.041666666666666664,0.2,0.1321596000052523
handwritten_proxy,clean,baseline+adaptive_threshold(sauvola),0.041666666666666664,0.041666666666666664,0.2,0.1270851000008406
handwritten_proxy,clean,baseline+adaptive_preprocessing,0.041666666666666664,0.041666666666666664,0.2,0.09330009999393951
handwritten_proxy,clean,baseline+multi_engine_selection,0.041666666666666664,0.041666666666666664,0.2,0.48131329999887384
handwritten_proxy,clean,full_pipeline(adaptive+multi_engine),0.041666666666666664,0.041666666666666664,0.2,0.14376170000468846
handwritten_proxy,heavy_blur,baseline,0.041666666666666664,0.041666666666666664,0.2,0.11327050000545569
handwritten_proxy,heavy_blur,baseline+deskew,0.041666666666666664,0.041666666666666664,0.2,0.11245269999199081
handwritten_proxy,heavy_blur,baseline+denoise,0.0,0.0,0.0,0.24742819998937193
handwritten_proxy,heavy_blur,baseline+clahe,0.0,0.0,0.0,0.12546339999244083
handwritten_proxy,heavy_blur,baseline+adaptive_threshold(sauvola),0.041666666666666664,0.041666666666666664,0.2,0.11491550000209827
handwritten_proxy,heavy_blur,baseline+adaptive_preprocessing,0.041666666666666664,0.041666666666666664,0.2,0.15167609999480192
handwritten_proxy,heavy_blur,baseline+multi_engine_selection,0.041666666666666664,0.041666666666666664,0.2,0.40789760000188835
handwritten_proxy,heavy_blur,full_pipeline(adaptive+multi_engine),0.041666666666666664,0.041666666666666664,0.2,0.4419646000023931
handwritten_proxy,skewed,baseline,1.0,1.0,1.0,0.13480860000709072
handwritten_proxy,skewed,baseline+deskew,0.041666666666666664,0.041666666666666664,0.2,0.14309749999665655
handwritten_proxy,skewed,baseline+denoise,1.0,1.0,1.0,0.28356630000052974
handwritten_proxy,skewed,baseline+clahe,1.0,1.0,1.0,0.12464369999361224
handwritten_proxy,skewed,baseline+adaptive_threshold(sauvola),0.125,0.125,0.6,0.12758680000843015
handwritten_proxy,skewed,baseline+adaptive_preprocessing,0.041666666666666664,0.041666666666666664,0.2,0.11088910000398755
handwritten_proxy,skewed,baseline+multi_engine_selection,0.0,0.0,0.0,0.502266099996632
handwritten_proxy,skewed,full_pipeline(adaptive+multi_engine),0.041666666666666664,0.041666666666666664,0.2,0.1494234999991022
handwritten_proxy,noisy,baseline,0.041666666666666664,0.041666666666666664,0.2,0.15323560000979342
handwritten_proxy,noisy,baseline+deskew,0.041666666666666664,0.041666666666666664,0.2,0.16166990000056103
handwritten_proxy,noisy,baseline+denoise,0.041666666666666664,0.041666666666666664,0.2,0.24322219999157824
handwritten_proxy,noisy,baseline+clahe,0.08333333333333333,0.08333333333333333,0.4,0.15092640000511892
handwritten_proxy,noisy,baseline+adaptive_threshold(sauvola),0.08333333333333333,0.08333333333333333,0.4,0.1186496000009356
handwritten_proxy,noisy,baseline+adaptive_preprocessing,0.041666666666666664,0.041666666666666664,0.2,0.18193089999840595
handwritten_proxy,noisy,baseline+multi_engine_selection,0.041666666666666664,0.041666666666666664,0.2,0.4493559000111418
handwritten_proxy,noisy,full_pipeline(adaptive+multi_engine),0.041666666666666664,0.041666666666666664,0.2,0.2749273999943398
handwritten_proxy,combo_hard,baseline,0.041666666666666664,0.041666666666666664,0.2,0.147378599998774
handwritten_proxy,combo_hard,baseline+deskew,0.041666666666666664,0.041666666666666664,0.2,0.13369909999892116
handwritten_proxy,combo_hard,baseline+denoise,0.041666666666666664,0.041666666666666664,0.2,0.25005779998900834
handwritten_proxy,combo_hard,baseline+clahe,1.0,1.0,1.0,0.10004799999296665
handwritten_proxy,combo_hard,baseline+adaptive_threshold(sauvola),0.041666666666666664,0.041666666666666664,0.2,0.1255908999883104
handwritten_proxy,combo_hard,baseline+adaptive_preprocessing,0.041666666666666664,0.041666666666666664,0.2,0.21626000000105705
handwritten_proxy,combo_hard,baseline+multi_engine_selection,0.041666666666666664,0.041666666666666664,0.2,0.39280699999653734
handwritten_proxy,combo_hard,full_pipeline(adaptive+multi_engine),0.041666666666666664,0.041666666666666664,0.2,0.2897786000103224
printed,clean,baseline,0.0,0.0,0.0,0.12853819999145344
printed,clean,baseline+deskew,0.0,0.0,0.0,0.08815490000415593
printed,clean,baseline+denoise,0.0,0.0,0.0,0.19229819999600295
printed,clean,baseline+clahe,0.0,0.0,0.0,0.1345175000024028
printed,clean,baseline+adaptive_threshold(sauvola),0.0,0.0,0.0,0.12334700000064913
printed,clean,baseline+adaptive_preprocessing,0.0,0.0,0.0,0.10835180000867695
printed,clean,baseline+multi_engine_selection,0.0,0.0,0.0,0.44061380000493955
printed,clean,full_pipeline(adaptive+multi_engine),0.0,0.0,0.0,0.11864209998748265
printed,heavy_blur,baseline,0.07142857142857142,0.07142857142857142,0.5,0.1493592000042554
printed,heavy_blur,baseline+deskew,0.07142857142857142,0.07142857142857142,0.5,0.14475799999490846
printed,heavy_blur,baseline+denoise,0.07142857142857142,0.07142857142857142,0.5,0.19365479999396484
printed,heavy_blur,baseline+clahe,0.07142857142857142,0.07142857142857142,0.75,0.11066560000472236
printed,heavy_blur,baseline+adaptive_threshold(sauvola),0.10714285714285714,0.10714285714285714,1.0,0.11008859999128617
printed,heavy_blur,baseline+adaptive_preprocessing,0.0,0.0,0.0,0.12896360000013374
printed,heavy_blur,baseline+multi_engine_selection,0.07142857142857142,0.07142857142857142,0.5,0.5058127999946009
printed,heavy_blur,full_pipeline(adaptive+multi_engine),0.0,0.0,0.0,0.3872916999971494
printed,skewed,baseline,0.03571428571428571,0.03571428571428571,0.0,0.16611059999559075
printed,skewed,baseline+deskew,0.0,0.0,0.0,0.14992369999527
printed,skewed,baseline+denoise,0.03571428571428571,0.03571428571428571,0.0,0.1957593000115594
printed,skewed,baseline+clahe,0.03571428571428571,0.03571428571428571,0.0,0.11339720000978559
printed,skewed,baseline+adaptive_threshold(sauvola),0.07142857142857142,0.07142857142857142,0.25,0.11549599999852944
printed,skewed,baseline+adaptive_preprocessing,0.0,0.0,0.0,0.1253534999996191
printed,skewed,baseline+multi_engine_selection,0.0,0.0,0.0,0.5062293999944814
printed,skewed,full_pipeline(adaptive+multi_engine),0.0,0.0,0.0,0.15079070000501815
printed,noisy,baseline,0.0,0.0,0.0,0.14203770000312943
printed,noisy,baseline+deskew,0.0,0.0,0.0,0.1221774000005098
printed,noisy,baseline+denoise,0.0,0.0,0.0,0.21775379999598954
printed,noisy,baseline+clahe,0.0,0.0,0.0,0.0987407000066014
printed,noisy,baseline+adaptive_threshold(sauvola),0.0,0.0,0.0,0.13889729999937117
printed,noisy,baseline+adaptive_preprocessing,0.0,0.0,0.0,0.20039070000348147
printed,noisy,baseline+multi_engine_selection,0.0,0.0,0.0,0.45586220000404865
printed,noisy,full_pipeline(adaptive+multi_engine),0.0,0.0,0.0,0.3012122999934945
printed,combo_hard,baseline,0.2857142857142857,0.2857142857142857,0.5,0.1487704000028316
printed,combo_hard,baseline+deskew,1.0,1.0,1.0,0.11785590001090895
printed,combo_hard,baseline+denoise,1.0,1.0,1.0,0.2503969999961555
printed,combo_hard,baseline+clahe,1.0,1.0,1.0,0.10664759999781381
printed,combo_hard,baseline+adaptive_threshold(sauvola),0.0,0.0,0.0,0.11634300000150688
printed,combo_hard,baseline+adaptive_preprocessing,1.0,1.0,1.0,0.24601049999182578
printed,combo_hard,baseline+multi_engine_selection,0.10714285714285714,0.10714285714285714,0.25,0.34860009999829344
printed,combo_hard,full_pipeline(adaptive+multi_engine),1.0357142857142858,1.0357142857142858,1.5,0.5533614000014495
handwritten_proxy,clean,baseline,0.03571428571428571,0.03571428571428571,0.25,0.15776040000491776
handwritten_proxy,clean,baseline+deskew,0.03571428571428571,0.03571428571428571,0.25,0.15694719999737572
handwritten_proxy,clean,baseline+denoise,0.03571428571428571,0.03571428571428571,0.25,0.19161540000641253
handwritten_proxy,clean,baseline+clahe,0.03571428571428571,0.03571428571428571,0.25,0.108998600000632
handwritten_proxy,clean,baseline+adaptive_threshold(sauvola),0.03571428571428571,0.03571428571428571,0.25,0.14664150000317022
handwritten_proxy,clean,baseline+adaptive_preprocessing,0.03571428571428571,0.03571428571428571,0.25,0.1176399000105448
handwritten_proxy,clean,baseline+multi_engine_selection,0.03571428571428571,0.03571428571428571,0.25,0.5120542999939062
handwritten_proxy,clean,full_pipeline(adaptive+multi_engine),0.03571428571428571,0.03571428571428571,0.25,0.13797329999215435
handwritten_proxy,heavy_blur,baseline,0.03571428571428571,0.03571428571428571,0.25,0.12432420000550337
handwritten_proxy,heavy_blur,baseline+deskew,0.03571428571428571,0.03571428571428571,0.25,0.12795039999764413
handwritten_proxy,heavy_blur,baseline+denoise,0.03571428571428571,0.03571428571428571,0.25,0.247366100011277
handwritten_proxy,heavy_blur,baseline+clahe,0.03571428571428571,0.03571428571428571,0.25,0.12696979999600444
handwritten_proxy,heavy_blur,baseline+adaptive_threshold(sauvola),0.03571428571428571,0.03571428571428571,0.25,0.13437919999705628
handwritten_proxy,heavy_blur,baseline+adaptive_preprocessing,0.03571428571428571,0.03571428571428571,0.25,0.14285420000669546
handwritten_proxy,heavy_blur,baseline+multi_engine_selection,0.03571428571428571,0.03571428571428571,0.25,0.5610997000039788
handwritten_proxy,heavy_blur,full_pipeline(adaptive+multi_engine),0.03571428571428571,0.03571428571428571,0.25,0.48463300000003073
handwritten_proxy,skewed,baseline,0.17857142857142858,0.17857142857142858,1.25,0.13346860000456218
handwritten_proxy,skewed,baseline+deskew,0.03571428571428571,0.03571428571428571,0.25,0.12891630000376608
handwritten_proxy,skewed,baseline+denoise,0.25,0.25,1.0,0.16880679999303538
handwritten_proxy,skewed,baseline+clahe,0.25,0.25,1.0,0.14558989999932237
handwritten_proxy,skewed,baseline+adaptive_threshold(sauvola),0.32142857142857145,0.32142857142857145,0.5,0.13391459999547806
handwritten_proxy,skewed,baseline+adaptive_preprocessing,0.03571428571428571,0.03571428571428571,0.25,0.1261722000053851
handwritten_proxy,skewed,baseline+multi_engine_selection,0.14285714285714285,0.14285714285714285,0.75,0.43172100000083447
handwritten_proxy,skewed,full_pipeline(adaptive+multi_engine),0.03571428571428571,0.03571428571428571,0.25,0.13141479999467265
handwritten_proxy,noisy,baseline,0.03571428571428571,0.03571428571428571,0.25,0.1487632000062149
handwritten_proxy,noisy,baseline+deskew,0.03571428571428571,0.03571428571428571,0.25,0.14048580000235233
handwritten_proxy,noisy,baseline+denoise,0.03571428571428571,0.03571428571428571,0.25,0.2714816000079736
handwritten_proxy,noisy,baseline+clahe,0.03571428571428571,0.03571428571428571,0.25,0.15634780000254977
handwritten_proxy,noisy,baseline+adaptive_threshold(sauvola),0.03571428571428571,0.03571428571428571,0.25,0.13724440000078175
handwritten_proxy,noisy,baseline+adaptive_preprocessing,0.03571428571428571,0.03571428571428571,0.25,0.1726271999941673
handwritten_proxy,noisy,baseline+multi_engine_selection,0.03571428571428571,0.03571428571428571,0.25,0.4082341000030283
handwritten_proxy,noisy,full_pipeline(adaptive+multi_engine),0.03571428571428571,0.03571428571428571,0.25,0.23944950000441168
handwritten_proxy,combo_hard,baseline,0.03571428571428571,0.03571428571428571,0.25,0.15528829999675509
handwritten_proxy,combo_hard,baseline+deskew,0.03571428571428571,0.03571428571428571,0.25,0.15992440000991337
handwritten_proxy,combo_hard,baseline+denoise,0.03571428571428571,0.03571428571428571,0.25,0.2209212000016123
handwritten_proxy,combo_hard,baseline+clahe,0.17857142857142858,0.17857142857142858,0.75,0.11626419999811333
handwritten_proxy,combo_hard,baseline+adaptive_threshold(sauvola),0.03571428571428571,0.03571428571428571,0.25,0.11020409999764524
handwritten_proxy,combo_hard,baseline+adaptive_preprocessing,0.03571428571428571,0.03571428571428571,0.25,0.1815939999942202
handwritten_proxy,combo_hard,baseline+multi_engine_selection,0.03571428571428571,0.03571428571428571,0.25,0.36217979999491945
handwritten_proxy,combo_hard,full_pipeline(adaptive+multi_engine),0.03571428571428571,0.03571428571428571,0.25,0.58578920000582
printed,clean,baseline,0.0,0.0,0.0,0.13447990000713617
printed,clean,baseline+deskew,0.0,0.0,0.0,0.13085529999807477
printed,clean,baseline+denoise,0.0,0.0,0.0,0.19239890000608284
printed,clean,baseline+clahe,0.0,0.0,0.0,0.12706440000329167
printed,clean,baseline+adaptive_threshold(sauvola),0.0,0.0,0.0,0.13058639998780563
printed,clean,baseline+adaptive_preprocessing,0.0,0.0,0.0,0.10513120000541676
printed,clean,baseline+multi_engine_selection,0.0,0.0,0.0,0.4241774000111036
printed,clean,full_pipeline(adaptive+multi_engine),0.0,0.0,0.0,0.127263899994432
printed,heavy_blur,baseline,0.0,0.0,0.0,0.1207159000041429
printed,heavy_blur,baseline+deskew,0.0,0.0,0.0,0.14445340000384022
printed,heavy_blur,baseline+denoise,0.07692307692307693,0.07692307692307693,0.4,0.20971140000619926
printed,heavy_blur,baseline+clahe,0.0,0.0,0.0,0.13587379999808036
printed,heavy_blur,baseline+adaptive_threshold(sauvola),0.15384615384615385,0.15384615384615385,0.2,0.12867790000746027
printed,heavy_blur,baseline+adaptive_preprocessing,0.0,0.0,0.0,0.12488600000506267
printed,heavy_blur,baseline+multi_engine_selection,0.0,0.0,0.0,0.5064901000005193
printed,heavy_blur,full_pipeline(adaptive+multi_engine),0.0,0.0,0.0,0.411403899997822
printed,skewed,baseline,0.038461538461538464,0.038461538461538464,0.2,0.1365698000008706
printed,skewed,baseline+deskew,0.0,0.0,0.0,0.13023659998725634
printed,skewed,baseline+denoise,0.038461538461538464,0.038461538461538464,0.2,0.17257100000279024
printed,skewed,baseline+clahe,0.038461538461538464,0.038461538461538464,0.2,0.13544980000006035
printed,skewed,baseline+adaptive_threshold(sauvola),0.0,0.0,0.0,0.11368570000922773
printed,skewed,baseline+adaptive_preprocessing,0.0,0.0,0.0,0.13430389999120962
printed,skewed,baseline+multi_engine_selection,0.0,0.0,0.0,0.39442150000832044
printed,skewed,full_pipeline(adaptive+multi_engine),0.0,0.0,0.0,0.14100790000520647
printed,noisy,baseline,0.0,0.0,0.0,0.13029059999098536
printed,noisy,baseline+deskew,0.0,0.0,0.0,0.1258038999949349
printed,noisy,baseline+denoise,0.0,0.0,0.0,0.23364970000693575
printed,noisy,baseline+clahe,0.0,0.0,0.0,0.13267829999676906
printed,noisy,baseline+adaptive_threshold(sauvola),0.0,0.0,0.0,0.11312100000213832
printed,noisy,baseline+adaptive_preprocessing,0.0,0.0,0.0,0.17595900000014808
printed,noisy,baseline+multi_engine_selection,0.0,0.0,0.0,0.36408849999133963
printed,noisy,full_pipeline(adaptive+multi_engine),0.0,0.0,0.0,0.29306959999667015
printed,combo_hard,baseline,1.0,1.0,1.0,0.11948139999003615
printed,combo_hard,baseline+deskew,0.8461538461538461,0.8461538461538461,1.0,0.13342249998822808
printed,combo_hard,baseline+denoise,1.0,1.0,1.0,0.18714680000266526
printed,combo_hard,baseline+clahe,0.38461538461538464,0.38461538461538464,0.4,0.14195679999829736
printed,combo_hard,baseline+adaptive_threshold(sauvola),0.0,0.0,0.0,0.12696120000327937
printed,combo_hard,baseline+adaptive_preprocessing,0.5769230769230769,0.5769230769230769,0.6,0.17755680000118446
printed,combo_hard,baseline+multi_engine_selection,0.0,0.0,0.0,0.37099989999842364
printed,combo_hard,full_pipeline(adaptive+multi_engine),0.038461538461538464,0.038461538461538464,0.2,0.5604959000047529
handwritten_proxy,clean,baseline,0.0,0.0,0.0,0.13073309999890625
handwritten_proxy,clean,baseline+deskew,0.0,0.0,0.0,0.1052137000078801
handwritten_proxy,clean,baseline+denoise,0.0,0.0,0.0,0.2047000000020489
handwritten_proxy,clean,baseline+clahe,0.0,0.0,0.0,0.12035460000333842
handwritten_proxy,clean,baseline+adaptive_threshold(sauvola),0.038461538461538464,0.038461538461538464,0.2,0.12477300000318792
handwritten_proxy,clean,baseline+adaptive_preprocessing,0.0,0.0,0.0,0.08992540001054294
handwritten_proxy,clean,baseline+multi_engine_selection,0.0,0.0,0.0,0.3709677000006195
handwritten_proxy,clean,full_pipeline(adaptive+multi_engine),0.0,0.0,0.0,0.13973999999871012
handwritten_proxy,heavy_blur,baseline,0.0,0.0,0.0,0.12867600000754464
handwritten_proxy,heavy_blur,baseline+deskew,0.0,0.0,0.0,0.11148839999805205
handwritten_proxy,heavy_blur,baseline+denoise,0.11538461538461539,0.11538461538461539,0.4,0.1796580000082031
handwritten_proxy,heavy_blur,baseline+clahe,0.11538461538461539,0.11538461538461539,0.4,0.13592619998962618
handwritten_proxy,heavy_blur,baseline+adaptive_threshold(sauvola),0.19230769230769232,0.19230769230769232,0.4,0.11520410000230186
handwritten_proxy,heavy_blur,baseline+adaptive_preprocessing,0.0,0.0,0.0,0.1230883999960497
handwritten_proxy,heavy_blur,baseline+multi_engine_selection,0.0,0.0,0.0,0.4181092999933753
handwritten_proxy,heavy_blur,full_pipeline(adaptive+multi_engine),0.0,0.0,0.0,0.46868379999068566
handwritten_proxy,skewed,baseline,0.0,0.0,0.0,0.13606200000504032
handwritten_proxy,skewed,baseline+deskew,0.0,0.0,0.0,0.11860600000363775
handwritten_proxy,skewed,baseline+denoise,0.0,0.0,0.0,0.21008160000201315
handwritten_proxy,skewed,baseline+clahe,0.0,0.0,0.0,0.12512240000069141
handwritten_proxy,skewed,baseline+adaptive_threshold(sauvola),0.0,0.0,0.0,0.0975856000004569
handwritten_proxy,skewed,baseline+adaptive_preprocessing,0.0,0.0,0.0,0.1130812000046717
handwritten_proxy,skewed,baseline+multi_engine_selection,0.0,0.0,0.0,0.35282420000294223
handwritten_proxy,skewed,full_pipeline(adaptive+multi_engine),0.0,0.0,0.0,0.13048939999134745
handwritten_proxy,noisy,baseline,0.0,0.0,0.0,0.1490265000029467
handwritten_proxy,noisy,baseline+deskew,0.0,0.0,0.0,0.1412588999955915
handwritten_proxy,noisy,baseline+denoise,0.0,0.0,0.0,0.19019150000531226
handwritten_proxy,noisy,baseline+clahe,0.0,0.0,0.0,0.11529710001195781
handwritten_proxy,noisy,baseline+adaptive_threshold(sauvola),0.038461538461538464,0.038461538461538464,0.2,0.11022210000373889
handwritten_proxy,noisy,baseline+adaptive_preprocessing,0.0,0.0,0.0,0.21173979999730363
handwritten_proxy,noisy,baseline+multi_engine_selection,0.0,0.0,0.0,0.47201500000664964
handwritten_proxy,noisy,full_pipeline(adaptive+multi_engine),0.0,0.0,0.0,0.2529937999934191
handwritten_proxy,combo_hard,baseline,0.0,0.0,0.0,0.1219373999920208
handwritten_proxy,combo_hard,baseline+deskew,0.11538461538461539,0.11538461538461539,0.4,0.13625919999321923
handwritten_proxy,combo_hard,baseline+denoise,0.0,0.0,0.0,0.21297799999592826
handwritten_proxy,combo_hard,baseline+clahe,1.0,1.0,1.0,0.09771129999717232
handwritten_proxy,combo_hard,baseline+adaptive_threshold(sauvola),1.0,1.0,1.0,0.130024099998991
handwritten_proxy,combo_hard,baseline+adaptive_preprocessing,0.07692307692307693,0.07692307692307693,0.4,0.2247233999951277
handwritten_proxy,combo_hard,baseline+multi_engine_selection,0.0,0.0,0.0,0.42462950000481214
handwritten_proxy,combo_hard,full_pipeline(adaptive+multi_engine),0.038461538461538464,0.038461538461538464,0.2,0.6039240000100108
printed,clean,baseline,0.0,0.0,0.0,0.13199019999592565
printed,clean,baseline+deskew,0.0,0.0,0.0,0.14275090000592172
printed,clean,baseline+denoise,0.043478260869565216,0.043478260869565216,0.3333333333333333,0.18865770001139026
printed,clean,baseline+clahe,0.043478260869565216,0.043478260869565216,0.3333333333333333,0.10869009999441914
printed,clean,baseline+adaptive_threshold(sauvola),0.0,0.0,0.0,0.1095530000020517
printed,clean,baseline+adaptive_preprocessing,0.0,0.0,0.0,0.13332860000082292
printed,clean,baseline+multi_engine_selection,0.0,0.0,0.0,0.3585881999897538
printed,clean,full_pipeline(adaptive+multi_engine),0.0,0.0,0.0,0.1577705999952741
printed,heavy_blur,baseline,0.0,0.0,0.0,0.14925469999434426
printed,heavy_blur,baseline+deskew,0.0,0.0,0.0,0.13690409999981057
printed,heavy_blur,baseline+denoise,0.0,0.0,0.0,0.22612500000104774
printed,heavy_blur,baseline+clahe,1.0,1.0,1.0,0.12637110000650864
printed,heavy_blur,baseline+adaptive_threshold(sauvola),0.0,0.0,0.0,0.13856479999958538
printed,heavy_blur,baseline+adaptive_preprocessing,0.0,0.0,0.0,0.14704579999670386
printed,heavy_blur,baseline+multi_engine_selection,0.0,0.0,0.0,0.4889078999985941
printed,heavy_blur,full_pipeline(adaptive+multi_engine),0.0,0.0,0.0,0.5174031000060495
printed,skewed,baseline,0.0,0.0,0.0,0.1268119000014849
printed,skewed,baseline+deskew,0.0,0.0,0.0,0.12202000000979751
printed,skewed,baseline+denoise,0.0,0.0,0.0,0.15181260000099428
printed,skewed,baseline+clahe,0.0,0.0,0.0,0.11095570000179578
printed,skewed,baseline+adaptive_threshold(sauvola),0.0,0.0,0.0,0.13379140000324696
printed,skewed,baseline+adaptive_preprocessing,0.0,0.0,0.0,0.12657900000340305
printed,skewed,baseline+multi_engine_selection,0.0,0.0,0.0,0.4275519000075292
printed,skewed,full_pipeline(adaptive+multi_engine),0.0,0.0,0.0,0.1373804999893764
printed,noisy,baseline,0.0,0.0,0.0,0.13197889999719337
printed,noisy,baseline+deskew,0.0,0.0,0.0,0.10779180000827182
printed,noisy,baseline+denoise,0.043478260869565216,0.043478260869565216,0.3333333333333333,0.2286119000054896
printed,noisy,baseline+clahe,0.08695652173913043,0.08695652173913043,0.3333333333333333,0.10656299999391194
printed,noisy,baseline+adaptive_threshold(sauvola),0.043478260869565216,0.043478260869565216,0.3333333333333333,0.10092450000229292
printed,noisy,baseline+adaptive_preprocessing,0.043478260869565216,0.043478260869565216,0.3333333333333333,0.21030759999121074
printed,noisy,baseline+multi_engine_selection,0.0,0.0,0.0,0.41526549999252893
printed,noisy,full_pipeline(adaptive+multi_engine),0.043478260869565216,0.043478260869565216,0.3333333333333333,0.26070859999163076
printed,combo_hard,baseline,0.043478260869565216,0.043478260869565216,0.3333333333333333,0.10012290001031943
printed,combo_hard,baseline+deskew,0.2608695652173913,0.2608695652173913,0.6666666666666666,0.12037940000300296
printed,combo_hard,baseline+denoise,0.043478260869565216,0.043478260869565216,0.3333333333333333,0.2424215000064578
printed,combo_hard,baseline+clahe,0.17391304347826086,0.17391304347826086,0.6666666666666666,0.11599710000155028
printed,combo_hard,baseline+adaptive_threshold(sauvola),0.0,0.0,0.0,0.10828610000316985
printed,combo_hard,baseline+adaptive_preprocessing,0.043478260869565216,0.043478260869565216,0.3333333333333333,0.19417770000291057
printed,combo_hard,baseline+multi_engine_selection,0.0,0.0,0.0,0.4326120999903651
printed,combo_hard,full_pipeline(adaptive+multi_engine),0.043478260869565216,0.043478260869565216,0.3333333333333333,0.5376030000043102
handwritten_proxy,clean,baseline,0.0,0.0,0.0,0.13018279999960214
handwritten_proxy,clean,baseline+deskew,0.0,0.0,0.0,0.11551190000318456
handwritten_proxy,clean,baseline+denoise,0.0,0.0,0.0,0.16694660000212025
handwritten_proxy,clean,baseline+clahe,0.0,0.0,0.0,0.1324970999994548
handwritten_proxy,clean,baseline+adaptive_threshold(sauvola),0.0,0.0,0.0,0.11867910000728443
handwritten_proxy,clean,baseline+adaptive_preprocessing,0.0,0.0,0.0,0.14639500000339467
handwritten_proxy,clean,baseline+multi_engine_selection,0.0,0.0,0.0,0.3754559000080917
handwritten_proxy,clean,full_pipeline(adaptive+multi_engine),0.0,0.0,0.0,0.14503069999045692
handwritten_proxy,heavy_blur,baseline,0.0,0.0,0.0,0.1227365000086138
handwritten_proxy,heavy_blur,baseline+deskew,0.0,0.0,0.0,0.11249319999478757
handwritten_proxy,heavy_blur,baseline+denoise,0.0,0.0,0.0,0.187468699994497
handwritten_proxy,heavy_blur,baseline+clahe,0.0,0.0,0.0,0.12253330000385176
handwritten_proxy,heavy_blur,baseline+adaptive_threshold(sauvola),0.0,0.0,0.0,0.125537500003702
handwritten_proxy,heavy_blur,baseline+adaptive_preprocessing,0.0,0.0,0.0,0.15119930000219028
handwritten_proxy,heavy_blur,baseline+multi_engine_selection,0.0,0.0,0.0,0.4235809999954654
handwritten_proxy,heavy_blur,full_pipeline(adaptive+multi_engine),0.0,0.0,0.0,0.35588829999323934
handwritten_proxy,skewed,baseline,1.0,1.0,1.0,0.12371410000196192
handwritten_proxy,skewed,baseline+deskew,0.0,0.0,0.0,0.14577070000814274
handwritten_proxy,skewed,baseline+denoise,1.0,1.0,1.0,0.19892979999713134
handwritten_proxy,skewed,baseline+clahe,1.0,1.0,1.0,0.09367570000176784
handwritten_proxy,skewed,baseline+adaptive_threshold(sauvola),0.17391304347826086,0.17391304347826086,1.0,0.1147179999970831
handwritten_proxy,skewed,baseline+adaptive_preprocessing,0.0,0.0,0.0,0.111670199999935
handwritten_proxy,skewed,baseline+multi_engine_selection,0.13043478260869565,0.13043478260869565,0.6666666666666666,0.40363289999368135
handwritten_proxy,skewed,full_pipeline(adaptive+multi_engine),0.0,0.0,0.0,0.14214749999518972
handwritten_proxy,noisy,baseline,0.0,0.0,0.0,0.1301954999944428
handwritten_proxy,noisy,baseline+deskew,0.0,0.0,0.0,0.10386139999900479
handwritten_proxy,noisy,baseline+denoise,0.0,0.0,0.0,0.18177799999830313
handwritten_proxy,noisy,baseline+clahe,0.0,0.0,0.0,0.129384800005937
handwritten_proxy,noisy,baseline+adaptive_threshold(sauvola),0.0,0.0,0.0,0.13106889999471605
handwritten_proxy,noisy,baseline+adaptive_preprocessing,0.0,0.0,0.0,0.21262090001255274
handwritten_proxy,noisy,baseline+multi_engine_selection,0.0,0.0,0.0,0.35914870000851806
handwritten_proxy,noisy,full_pipeline(adaptive+multi_engine),0.0,0.0,0.0,0.27773879999585915
handwritten_proxy,combo_hard,baseline,0.043478260869565216,0.043478260869565216,0.3333333333333333,0.12841000000480562
handwritten_proxy,combo_hard,baseline+deskew,0.0,0.0,0.0,0.14188260000082664
handwritten_proxy,combo_hard,baseline+denoise,0.043478260869565216,0.043478260869565216,0.3333333333333333,0.21370040001056623
handwritten_proxy,combo_hard,baseline+clahe,0.30434782608695654,0.30434782608695654,1.0,0.12770450000243727
handwritten_proxy,combo_hard,baseline+adaptive_threshold(sauvola),0.08695652173913043,0.08695652173913043,0.3333333333333333,0.12012890000187326
handwritten_proxy,combo_hard,baseline+adaptive_preprocessing,0.0,0.0,0.0,0.20956630000728182
handwritten_proxy,combo_hard,baseline+multi_engine_selection,0.043478260869565216,0.043478260869565216,0.3333333333333333,0.40445550000004005
handwritten_proxy,combo_hard,full_pipeline(adaptive+multi_engine),0.0,0.0,0.0,0.5585808999894653
printed,clean,baseline,0.0,0.0,0.0,0.13359729999501724
printed,clean,baseline+deskew,0.0,0.0,0.0,0.12558599999465514
printed,clean,baseline+denoise,0.0,0.0,0.0,0.20262319999164902
printed,clean,baseline+clahe,0.0,0.0,0.0,0.1293081999901915
printed,clean,baseline+adaptive_threshold(sauvola),0.0,0.0,0.0,0.11019779999332968
printed,clean,baseline+adaptive_preprocessing,0.0,0.0,0.0,0.15061870000499766
printed,clean,baseline+multi_engine_selection,0.0,0.0,0.0,0.42032010000548325
printed,clean,full_pipeline(adaptive+multi_engine),0.0,0.0,0.0,0.1496532000019215
printed,heavy_blur,baseline,0.04,0.04,0.25,0.13026230000832584
printed,heavy_blur,baseline+deskew,0.04,0.04,0.25,0.11514500000339467
printed,heavy_blur,baseline+denoise,0.04,0.04,0.25,0.1750979000062216
printed,heavy_blur,baseline+clahe,0.0,0.0,0.0,0.11626669998804573
printed,heavy_blur,baseline+adaptive_threshold(sauvola),0.04,0.04,0.25,0.1357300999952713
printed,heavy_blur,baseline+adaptive_preprocessing,0.0,0.0,0.0,0.13225470000179484
printed,heavy_blur,baseline+multi_engine_selection,0.04,0.04,0.25,0.45952020000549965
printed,heavy_blur,full_pipeline(adaptive+multi_engine),0.0,0.0,0.0,0.42623090000415687
printed,skewed,baseline,0.0,0.0,0.0,0.150818000009167
printed,skewed,baseline+deskew,0.0,0.0,0.0,0.14062340000236873
printed,skewed,baseline+denoise,0.0,0.0,0.0,0.2107976000115741
printed,skewed,baseline+clahe,0.0,0.0,0.0,0.13309160000062548
printed,skewed,baseline+adaptive_threshold(sauvola),0.0,0.0,0.0,0.11909510000259615
printed,skewed,baseline+adaptive_preprocessing,0.0,0.0,0.0,0.13806559999648016
printed,skewed,baseline+multi_engine_selection,0.0,0.0,0.0,0.41901149999466725
printed,skewed,full_pipeline(adaptive+multi_engine),0.0,0.0,0.0,0.13288119999924675
printed,noisy,baseline,0.0,0.0,0.0,0.1276545000000624
printed,noisy,baseline+deskew,0.0,0.0,0.0,0.10803409999061842
printed,noisy,baseline+denoise,0.0,0.0,0.0,0.23711220000404865
printed,noisy,baseline+clahe,0.0,0.0,0.0,0.14188589999685064
printed,noisy,baseline+adaptive_threshold(sauvola),0.0,0.0,0.0,0.13093810000282247
printed,noisy,baseline+adaptive_preprocessing,0.0,0.0,0.0,0.22956710000289604
printed,noisy,baseline+multi_engine_selection,0.0,0.0,0.0,0.4222758999967482
printed,noisy,full_pipeline(adaptive+multi_engine),0.0,0.0,0.0,0.2454308000014862
printed,combo_hard,baseline,0.24,0.24,0.75,0.15367349999723956
printed,combo_hard,baseline+deskew,0.24,0.24,0.75,0.14230530000349972
printed,combo_hard,baseline+denoise,0.36,0.36,0.5,0.19094070000573993
printed,combo_hard,baseline+clahe,0.36,0.36,1.25,0.11181410000426695
printed,combo_hard,baseline+adaptive_threshold(sauvola),0.0,0.0,0.0,0.12987849999626633
printed,combo_hard,baseline+adaptive_preprocessing,0.16,0.16,0.75,0.26140160000068136
printed,combo_hard,baseline+multi_engine_selection,0.08,0.08,0.25,0.3778936999879079
printed,combo_hard,full_pipeline(adaptive+multi_engine),0.16,0.16,0.75,0.5858958000026178
handwritten_proxy,clean,baseline,0.0,0.0,0.0,0.15593410001019947
handwritten_proxy,clean,baseline+deskew,0.0,0.0,0.0,0.13288879999890924
handwritten_proxy,clean,baseline+denoise,0.04,0.04,0.5,0.22476599999936298
handwritten_proxy,clean,baseline+clahe,0.04,0.04,0.5,0.13356539999949746
handwritten_proxy,clean,baseline+adaptive_threshold(sauvola),0.0,0.0,0.0,0.12314060000062454
handwritten_proxy,clean,baseline+adaptive_preprocessing,0.0,0.0,0.0,0.12722470000153407
handwritten_proxy,clean,baseline+multi_engine_selection,0.0,0.0,0.0,0.41793670000333805
handwritten_proxy,clean,full_pipeline(adaptive+multi_engine),0.0,0.0,0.0,0.12518780000391416
handwritten_proxy,heavy_blur,baseline,0.0,0.0,0.0,0.12288520000583958
handwritten_proxy,heavy_blur,baseline+deskew,0.0,0.0,0.0,0.10841199998685624
handwritten_proxy,heavy_blur,baseline+denoise,0.0,0.0,0.0,0.23355970000557136
handwritten_proxy,heavy_blur,baseline+clahe,0.0,0.0,0.0,0.13715830000001006
handwritten_proxy,heavy_blur,baseline+adaptive_threshold(sauvola),0.12,0.12,0.25,0.09921840000606608
handwritten_proxy,heavy_blur,baseline+adaptive_preprocessing,0.04,0.04,0.5,0.1478343000053428
handwritten_proxy,heavy_blur,baseline+multi_engine_selection,0.0,0.0,0.0,0.34326720000535715
handwritten_proxy,heavy_blur,full_pipeline(adaptive+multi_engine),0.0,0.0,0.0,0.5156958000006853
handwritten_proxy,skewed,baseline,0.0,0.0,0.0,0.12777929998992477
handwritten_proxy,skewed,baseline+deskew,0.0,0.0,0.0,0.1405088000028627
handwritten_proxy,skewed,baseline+denoise,0.0,0.0,0.0,0.17475649999687448
handwritten_proxy,skewed,baseline+clahe,0.0,0.0,0.0,0.128544499995769
handwritten_proxy,skewed,baseline+adaptive_threshold(sauvola),0.0,0.0,0.0,0.10549090000858996
handwritten_proxy,skewed,baseline+adaptive_preprocessing,0.0,0.0,0.0,0.10651349999534432
handwritten_proxy,skewed,baseline+multi_engine_selection,0.0,0.0,0.0,0.3946092999976827
handwritten_proxy,skewed,full_pipeline(adaptive+multi_engine),0.0,0.0,0.0,0.13598619999538641
handwritten_proxy,noisy,baseline,0.04,0.04,0.5,0.1496631000045454
handwritten_proxy,noisy,baseline+deskew,0.04,0.04,0.5,0.1312510999996448
handwritten_proxy,noisy,baseline+denoise,0.04,0.04,0.5,0.20349319999513682
handwritten_proxy,noisy,baseline+clahe,0.04,0.04,0.5,0.14591349998954684
handwritten_proxy,noisy,baseline+adaptive_threshold(sauvola),0.0,0.0,0.0,0.13847180000448134
handwritten_proxy,noisy,baseline+adaptive_preprocessing,0.04,0.04,0.5,0.24468250000791159
handwritten_proxy,noisy,baseline+multi_engine_selection,0.04,0.04,0.5,0.389493599999696
handwritten_proxy,noisy,full_pipeline(adaptive+multi_engine),0.04,0.04,0.5,0.2735145000042394
handwritten_proxy,combo_hard,baseline,0.0,0.0,0.0,0.14689499999803957
handwritten_proxy,combo_hard,baseline+deskew,0.0,0.0,0.0,0.13197020000370685
handwritten_proxy,combo_hard,baseline+denoise,0.0,0.0,0.0,0.24731839999731164
handwritten_proxy,combo_hard,baseline+clahe,0.12,0.12,0.25,0.14162609999766573
handwritten_proxy,combo_hard,baseline+adaptive_threshold(sauvola),0.0,0.0,0.0,0.13312849999056198
handwritten_proxy,combo_hard,baseline+adaptive_preprocessing,0.0,0.0,0.0,0.22766580000461545
handwritten_proxy,combo_hard,baseline+multi_engine_selection,0.0,0.0,0.0,0.39672950000385754
handwritten_proxy,combo_hard,full_pipeline(adaptive+multi_engine),0.0,0.0,0.0,0.4746859000006225
printed,clean,baseline,0.0,0.0,0.0,0.12636729999212548
printed,clean,baseline+deskew,0.0,0.0,0.0,0.13345699998899363
printed,clean,baseline+denoise,0.0,0.0,0.0,0.23894949999521486
printed,clean,baseline+clahe,0.0,0.0,0.0,0.11351299998932518
printed,clean,baseline+adaptive_threshold(sauvola),0.0,0.0,0.0,0.13688679999904707
printed,clean,baseline+adaptive_preprocessing,0.0,0.0,0.0,0.1046725000051083
printed,clean,baseline+multi_engine_selection,0.0,0.0,0.0,0.4109337999980198
printed,clean,full_pipeline(adaptive+multi_engine),0.0,0.0,0.0,0.13806740001018625
printed,heavy_blur,baseline,0.0,0.0,0.0,0.1060624999954598
printed,heavy_blur,baseline+deskew,0.0,0.0,0.0,0.12486050000006799
printed,heavy_blur,baseline+denoise,0.08333333333333333,0.08333333333333333,0.25,0.21400170000561047
printed,heavy_blur,baseline+clahe,0.0,0.0,0.0,0.11204780000844039
printed,heavy_blur,baseline+adaptive_threshold(sauvola),0.0,0.0,0.0,0.1275625999987824
printed,heavy_blur,baseline+adaptive_preprocessing,0.0,0.0,0.0,0.1035866000020178
printed,heavy_blur,baseline+multi_engine_selection,0.0,0.0,0.0,0.5121209999924758
printed,heavy_blur,full_pipeline(adaptive+multi_engine),0.041666666666666664,0.041666666666666664,0.25,0.5004126000130782
printed,skewed,baseline,0.041666666666666664,0.041666666666666664,0.0,0.1169091999909142
printed,skewed,baseline+deskew,0.0,0.0,0.0,0.11131330000353046
printed,skewed,baseline+denoise,0.041666666666666664,0.041666666666666664,0.0,0.2128383999952348
printed,skewed,baseline+clahe,0.041666666666666664,0.041666666666666664,0.0,0.1344526000029873
printed,skewed,baseline+adaptive_threshold(sauvola),0.041666666666666664,0.041666666666666664,0.0,0.13683750000200234
printed,skewed,baseline+adaptive_preprocessing,0.0,0.0,0.0,0.14903179999964777
printed,skewed,baseline+multi_engine_selection,0.0,0.0,0.0,0.3848520999890752
printed,skewed,full_pipeline(adaptive+multi_engine),0.0,0.0,0.0,0.1391667999996571
printed,noisy,baseline,0.0,0.0,0.0,0.12581339999451302
printed,noisy,baseline+deskew,0.0,0.0,0.0,0.11877950000052806
printed,noisy,baseline+denoise,0.0,0.0,0.0,0.19951120000041556
printed,noisy,baseline+clahe,0.0,0.0,0.0,0.1335996999987401
printed,noisy,baseline+adaptive_threshold(sauvola),0.0,0.0,0.0,0.13594369999191258
printed,noisy,baseline+adaptive_preprocessing,0.0,0.0,0.0,0.19015239999862388
printed,noisy,baseline+multi_engine_selection,0.0,0.0,0.0,0.47974039999826346
printed,noisy,full_pipeline(adaptive+multi_engine),0.0,0.0,0.0,0.2525281999987783
printed,combo_hard,baseline,0.4166666666666667,0.4166666666666667,0.5,0.131528600002639
printed,combo_hard,baseline+deskew,0.375,0.375,0.5,0.09652669999923091
printed,combo_hard,baseline+denoise,0.4166666666666667,0.4166666666666667,0.5,0.2464476999884937
printed,combo_hard,baseline+clahe,1.0,1.0,1.0,0.10538020000967663
printed,combo_hard,baseline+adaptive_threshold(sauvola),0.0,0.0,0.0,0.09046259999740869
printed,combo_hard,baseline+adaptive_preprocessing,0.875,0.875,1.0,0.21494089999760035
printed,combo_hard,baseline+multi_engine_selection,0.0,0.0,0.0,0.32881710000219755
printed,combo_hard,full_pipeline(adaptive+multi_engine),0.125,0.125,0.5,0.5132817000121577
handwritten_proxy,clean,baseline,0.0,0.0,0.0,0.13192469999194145
handwritten_proxy,clean,baseline+deskew,0.0,0.0,0.0,0.12564579999889247
handwritten_proxy,clean,baseline+denoise,0.0,0.0,0.0,0.22777189999760594
handwritten_proxy,clean,baseline+clahe,0.0,0.0,0.0,0.13542700000107288
handwritten_proxy,clean,baseline+adaptive_threshold(sauvola),0.0,0.0,0.0,0.10113459998683538
handwritten_proxy,clean,baseline+adaptive_preprocessing,0.0,0.0,0.0,0.10206599999219179
handwritten_proxy,clean,baseline+multi_engine_selection,0.0,0.0,0.0,0.3537696999992477
handwritten_proxy,clean,full_pipeline(adaptive+multi_engine),0.0,0.0,0.0,0.15236300000105985
handwritten_proxy,heavy_blur,baseline,0.0,0.0,0.0,0.15333090000785887
handwritten_proxy,heavy_blur,baseline+deskew,0.0,0.0,0.0,0.1263424000062514
handwritten_proxy,heavy_blur,baseline+denoise,0.041666666666666664,0.041666666666666664,0.25,0.195741800009273
handwritten_proxy,heavy_blur,baseline+clahe,0.0,0.0,0.0,0.1274932000087574
handwritten_proxy,heavy_blur,baseline+adaptive_threshold(sauvola),0.08333333333333333,0.08333333333333333,0.25,0.119903400001931
handwritten_proxy,heavy_blur,baseline+adaptive_preprocessing,0.0,0.0,0.0,0.13346159999491647
handwritten_proxy,heavy_blur,baseline+multi_engine_selection,0.0,0.0,0.0,0.37293750001117587
handwritten_proxy,heavy_blur,full_pipeline(adaptive+multi_engine),0.0,0.0,0.0,0.34189539999351837
handwritten_proxy,skewed,baseline,0.0,0.0,0.0,0.13288189999002498
handwritten_proxy,skewed,baseline+deskew,0.0,0.0,0.0,0.11427120000007562
handwritten_proxy,skewed,baseline+denoise,0.0,0.0,0.0,0.15473049999854993
handwritten_proxy,skewed,baseline+clahe,0.0,0.0,0.0,0.09191119999741204
handwritten_proxy,skewed,baseline+adaptive_threshold(sauvola),0.0,0.0,0.0,0.08802569999534171
handwritten_proxy,skewed,baseline+adaptive_preprocessing,0.0,0.0,0.0,0.09110590000636876
handwritten_proxy,skewed,baseline+multi_engine_selection,0.0,0.0,0.0,0.299872100003995
handwritten_proxy,skewed,full_pipeline(adaptive+multi_engine),0.0,0.0,0.0,0.1335428000020329
handwritten_proxy,noisy,baseline,0.0,0.0,0.0,0.10979139999835752
handwritten_proxy,noisy,baseline+deskew,0.0,0.0,0.0,0.09154690000286791
handwritten_proxy,noisy,baseline+denoise,0.0,0.0,0.0,0.1562807000009343
handwritten_proxy,noisy,baseline+clahe,0.0,0.0,0.0,0.0915065000008326
handwritten_proxy,noisy,baseline+adaptive_threshold(sauvola),0.0,0.0,0.0,0.08790110000700224
handwritten_proxy,noisy,baseline+adaptive_preprocessing,0.0,0.0,0.0,0.16099920000124257
handwritten_proxy,noisy,baseline+multi_engine_selection,0.0,0.0,0.0,0.27313539999886416
handwritten_proxy,noisy,full_pipeline(adaptive+multi_engine),0.0,0.0,0.0,0.2041118000051938
handwritten_proxy,combo_hard,baseline,0.125,0.125,0.5,0.08630100000300445
handwritten_proxy,combo_hard,baseline+deskew,0.08333333333333333,0.08333333333333333,0.25,0.08950110001023859
handwritten_proxy,combo_hard,baseline+denoise,0.125,0.125,0.5,0.1507281999947736
handwritten_proxy,combo_hard,baseline+clahe,0.08333333333333333,0.08333333333333333,0.5,0.09215710000717081
handwritten_proxy,combo_hard,baseline+adaptive_threshold(sauvola),1.0,1.0,1.0,0.07993809999607038
handwritten_proxy,combo_hard,baseline+adaptive_preprocessing,0.08333333333333333,0.08333333333333333,0.25,0.15294909999647643
handwritten_proxy,combo_hard,baseline+multi_engine_selection,0.0,0.0,0.0,0.26896030000352766
handwritten_proxy,combo_hard,full_pipeline(adaptive+multi_engine),0.08333333333333333,0.08333333333333333,0.25,0.3987446000101045
printed,clean,baseline,0.0,0.0,0.0,0.1260076000035042
printed,clean,baseline+deskew,0.0,0.0,0.0,0.09817650000331923
printed,clean,baseline+denoise,0.0,0.0,0.0,0.14561639999737963
printed,clean,baseline+clahe,0.0,0.0,0.0,0.09398920000239741
printed,clean,baseline+adaptive_threshold(sauvola),0.0,0.0,0.0,0.09689039998920634
printed,clean,baseline+adaptive_preprocessing,0.0,0.0,0.0,0.0859167000016896
printed,clean,baseline+multi_engine_selection,0.0,0.0,0.0,0.2724523999931989
printed,clean,full_pipeline(adaptive+multi_engine),0.0,0.0,0.0,0.1447901999927126
printed,heavy_blur,baseline,1.0,1.0,1.0,0.09498500000336207
printed,heavy_blur,baseline+deskew,1.0,1.0,1.0,0.07640370000444818
printed,heavy_blur,baseline+denoise,1.0,1.0,1.0,0.1388686999998754
printed,heavy_blur,baseline+clahe,1.0,1.0,1.0,0.07743200000550132
printed,heavy_blur,baseline+adaptive_threshold(sauvola),0.08695652173913043,0.08695652173913043,0.6666666666666666,0.0863182000030065
printed,heavy_blur,baseline+adaptive_preprocessing,0.0,0.0,0.0,0.08494369999971241
printed,heavy_blur,baseline+multi_engine_selection,0.08695652173913043,0.08695652173913043,1.0,0.27162799998768605
printed,heavy_blur,full_pipeline(adaptive+multi_engine),0.0,0.0,0.0,0.3176908000023104
printed,skewed,baseline,0.0,0.0,0.0,0.1267710999964038
printed,skewed,baseline+deskew,0.0,0.0,0.0,0.1114887000003364
printed,skewed,baseline+denoise,0.0,0.0,0.0,0.14597659998980816
printed,skewed,baseline+clahe,0.0,0.0,0.0,0.08546630000637379
printed,skewed,baseline+adaptive_threshold(sauvola),0.0,0.0,0.0,0.08272769999166485
printed,skewed,baseline+adaptive_preprocessing,0.0,0.0,0.0,0.08393079999950714
printed,skewed,baseline+multi_engine_selection,0.0,0.0,0.0,0.26856020001287106
printed,skewed,full_pipeline(adaptive+multi_engine),0.0,0.0,0.0,0.1378201000043191
printed,noisy,baseline,0.0,0.0,0.0,0.10703850000572857
printed,noisy,baseline+deskew,0.0,0.0,0.0,0.0875444000121206
printed,noisy,baseline+denoise,0.0,0.0,0.0,0.1519313000026159
printed,noisy,baseline+clahe,0.0,0.0,0.0,0.08926849999988917
printed,noisy,baseline+adaptive_threshold(sauvola),0.0,0.0,0.0,0.08623619998979848
printed,noisy,baseline+adaptive_preprocessing,0.0,0.0,0.0,0.15312500001164153
printed,noisy,baseline+multi_engine_selection,0.0,0.0,0.0,0.281907600001432
printed,noisy,full_pipeline(adaptive+multi_engine),0.0,0.0,0.0,0.21817670000018552
printed,combo_hard,baseline,0.2608695652173913,0.2608695652173913,1.0,0.08513479999965057
printed,combo_hard,baseline+deskew,0.17391304347826086,0.17391304347826086,0.6666666666666666,0.08652349999465514
printed,combo_hard,baseline+denoise,0.21739130434782608,0.21739130434782608,1.0,0.15079929999774322
printed,combo_hard,baseline+clahe,0.43478260869565216,0.43478260869565216,1.0,0.08781480000470765
printed,combo_hard,baseline+adaptive_threshold(sauvola),0.0,0.0,0.0,0.08473169998615049
printed,combo_hard,baseline+adaptive_preprocessing,0.08695652173913043,0.08695652173913043,0.6666666666666666,0.15670730000420008
printed,combo_hard,baseline+multi_engine_selection,0.17391304347826086,0.17391304347826086,0.6666666666666666,0.26774229999864474
printed,combo_hard,full_pipeline(adaptive+multi_engine),0.08695652173913043,0.08695652173913043,0.6666666666666666,0.4191585000080522
handwritten_proxy,clean,baseline,0.08695652173913043,0.08695652173913043,1.0,0.13293769999290816
handwritten_proxy,clean,baseline+deskew,0.08695652173913043,0.08695652173913043,1.0,0.11242910000146367
handwritten_proxy,clean,baseline+denoise,0.08695652173913043,0.08695652173913043,1.0,0.150060099986149
handwritten_proxy,clean,baseline+clahe,0.08695652173913043,0.08695652173913043,1.0,0.08735970000270754
handwritten_proxy,clean,baseline+adaptive_threshold(sauvola),0.08695652173913043,0.08695652173913043,1.0,0.08819510000466835
handwritten_proxy,clean,baseline+adaptive_preprocessing,0.08695652173913043,0.08695652173913043,1.0,0.08630059999995865
handwritten_proxy,clean,baseline+multi_engine_selection,0.08695652173913043,0.08695652173913043,1.0,0.26528000000689644
handwritten_proxy,clean,full_pipeline(adaptive+multi_engine),0.08695652173913043,0.08695652173913043,1.0,0.1284832999954233
handwritten_proxy,heavy_blur,baseline,0.08695652173913043,0.08695652173913043,1.0,0.10704440000699833
handwritten_proxy,heavy_blur,baseline+deskew,0.08695652173913043,0.08695652173913043,1.0,0.08662609999009874
handwritten_proxy,heavy_blur,baseline+denoise,0.08695652173913043,0.08695652173913043,1.0,0.15270589999272488
handwritten_proxy,heavy_blur,baseline+clahe,0.08695652173913043,0.08695652173913043,1.0,0.08838370000012219
handwritten_proxy,heavy_blur,baseline+adaptive_threshold(sauvola),0.13043478260869565,0.13043478260869565,1.0,0.08871080000244547
handwritten_proxy,heavy_blur,baseline+adaptive_preprocessing,0.08695652173913043,0.08695652173913043,1.0,0.09054779999132734
handwritten_proxy,heavy_blur,baseline+multi_engine_selection,0.08695652173913043,0.08695652173913043,1.0,0.27453419999801554
handwritten_proxy,heavy_blur,full_pipeline(adaptive+multi_engine),0.08695652173913043,0.08695652173913043,1.0,0.3318462000024738
handwritten_proxy,skewed,baseline,0.08695652173913043,0.08695652173913043,1.0,0.11951500001305249
handwritten_proxy,skewed,baseline+deskew,0.08695652173913043,0.08695652173913043,1.0,0.11778460000641644
handwritten_proxy,skewed,baseline+denoise,0.08695652173913043,0.08695652173913043,1.0,0.15245710000453983
handwritten_proxy,skewed,baseline+clahe,0.08695652173913043,0.08695652173913043,1.0,0.08526029999484308
handwritten_proxy,skewed,baseline+adaptive_threshold(sauvola),0.043478260869565216,0.043478260869565216,0.6666666666666666,0.09272930001316126
handwritten_proxy,skewed,baseline+adaptive_preprocessing,0.08695652173913043,0.08695652173913043,1.0,0.0976613999955589
handwritten_proxy,skewed,baseline+multi_engine_selection,0.21739130434782608,0.21739130434782608,1.3333333333333333,0.28429090000281576
handwritten_proxy,skewed,full_pipeline(adaptive+multi_engine),0.08695652173913043,0.08695652173913043,1.0,0.14298199999029748
handwritten_proxy,noisy,baseline,0.08695652173913043,0.08695652173913043,1.0,0.10754650000308175
handwritten_proxy,noisy,baseline+deskew,0.08695652173913043,0.08695652173913043,1.0,0.09330910000426229
handwritten_proxy,noisy,baseline+denoise,0.08695652173913043,0.08695652173913043,1.0,0.15645959999528714
handwritten_proxy,noisy,baseline+clahe,0.08695652173913043,0.08695652173913043,1.0,0.09160149999661371
handwritten_proxy,noisy,baseline+adaptive_threshold(sauvola),0.08695652173913043,0.08695652173913043,1.0,0.08901799999875948
handwritten_proxy,noisy,baseline+adaptive_preprocessing,0.08695652173913043,0.08695652173913043,1.0,0.15742309999768622
handwritten_proxy,noisy,baseline+multi_engine_selection,0.08695652173913043,0.08695652173913043,1.0,0.2720504000026267
handwritten_proxy,noisy,full_pipeline(adaptive+multi_engine),0.08695652173913043,0.08695652173913043,1.0,0.2190072999947006
handwritten_proxy,combo_hard,baseline,0.43478260869565216,0.43478260869565216,1.3333333333333333,0.08844130000215955
handwritten_proxy,combo_hard,baseline+deskew,0.13043478260869565,0.13043478260869565,1.0,0.08995700000377838
handwritten_proxy,combo_hard,baseline+denoise,0.21739130434782608,0.21739130434782608,1.0,0.15278849999594968
handwritten_proxy,combo_hard,baseline+clahe,0.391304347826087,0.391304347826087,2.0,0.09447240000008605
handwritten_proxy,combo_hard,baseline+adaptive_threshold(sauvola),0.043478260869565216,0.043478260869565216,0.6666666666666666,0.08306319999974221
handwritten_proxy,combo_hard,baseline+adaptive_preprocessing,0.08695652173913043,0.08695652173913043,1.0,0.1625376000010874
handwritten_proxy,combo_hard,baseline+multi_engine_selection,0.08695652173913043,0.08695652173913043,1.0,0.2668908000050578
handwritten_proxy,combo_hard,full_pipeline(adaptive+multi_engine),0.08695652173913043,0.08695652173913043,1.0,0.43281820000265725
