style,preset,system,stage,seconds
printed,clean,tesseract,total,0.11051969999971334
printed,clean,easyocr,total,0.25495619999128394
printed,clean,ours,quality_assessment,0.002514099993277341
printed,clean,ours,preprocessing,0.0012091000098735094
printed,clean,ours,engine:tesseract,0.10615209999377839
printed,clean,ours,fusion,2.7000060072168708e-06
printed,clean,ours,total,0.11002900000312366
printed,light_blur,tesseract,total,0.11174799999571405
printed,light_blur,easyocr,total,0.22193139999581035
printed,light_blur,ours,quality_assessment,0.0025289000041084364
printed,light_blur,ours,preprocessing,0.0020056000066688284
printed,light_blur,ours,engine:tesseract,0.11193899999489076
printed,light_blur,ours,engine:easyocr,0.22610300000815187
printed,light_blur,ours,fusion,0.0001306999911321327
printed,light_blur,ours,total,0.3428182000061497
printed,heavy_blur,tesseract,total,0.13325919999624602
printed,heavy_blur,easyocr,total,0.22455149999586865
printed,heavy_blur,ours,quality_assessment,0.0023800000053597614
printed,heavy_blur,ours,preprocessing,0.001747100002830848
printed,heavy_blur,ours,engine:tesseract,0.1224621000001207
printed,heavy_blur,ours,engine:easyocr,0.22723240000777878
printed,heavy_blur,ours,fusion,0.00011079999967478216
printed,heavy_blur,ours,total,0.35403230000520125
printed,motion_blur,tesseract,total,0.1387893999926746
printed,motion_blur,easyocr,total,0.25250279999454506
printed,motion_blur,ours,quality_assessment,0.002223000003141351
printed,motion_blur,ours,preprocessing,0.0017883000109577551
printed,motion_blur,ours,engine:tesseract,0.1302060000016354
printed,motion_blur,ours,engine:easyocr,0.2561707999993814
printed,motion_blur,ours,fusion,0.0004651000053854659
printed,motion_blur,ours,total,0.3909411999920849
printed,noisy,tesseract,total,0.12847440000041388
printed,noisy,easyocr,total,0.2438174999988405
printed,noisy,ours,quality_assessment,0.0026280000020051375
printed,noisy,ours,preprocessing,0.08459410000068601
printed,noisy,ours,engine:tesseract,0.13312589999986812
printed,noisy,ours,engine:easyocr,0.23228549999475945
printed,noisy,ours,fusion,9.139999747276306e-05
printed,noisy,ours,total,0.45281480000994634
printed,salt_pepper,tesseract,total,0.11964809999335557
printed,salt_pepper,easyocr,total,0.24072629999136552
printed,salt_pepper,ours,quality_assessment,0.0035102999972878024
printed,salt_pepper,ours,preprocessing,0.0010397000005468726
printed,salt_pepper,ours,engine:tesseract,0.11248010001145303
printed,salt_pepper,ours,fusion,2.800006768666208e-06
printed,salt_pepper,ours,total,0.1171533000015188
printed,skewed,tesseract,total,0.12075539999932516
printed,skewed,easyocr,total,0.28169860001071356
printed,skewed,ours,quality_assessment,0.0030966000049374998
printed,skewed,ours,preprocessing,0.0017568999901413918
printed,skewed,ours,engine:tesseract,0.12283839999872725
printed,skewed,ours,engine:easyocr,0.26480269999592565
printed,skewed,ours,fusion,0.00012549999519251287
printed,skewed,ours,total,0.39271430000371765
printed,low_contrast,tesseract,total,0.11555860000953544
printed,low_contrast,easyocr,total,0.23232979999738745
printed,low_contrast,ours,quality_assessment,0.0026110000035259873
printed,low_contrast,ours,preprocessing,0.0014781000063521788
printed,low_contrast,ours,engine:tesseract,0.12298530001135077
printed,low_contrast,ours,fusion,1.4999968698248267e-06
printed,low_contrast,ours,total,0.12718039999890607
printed,smudged,tesseract,total,0.11284239999076817
printed,smudged,easyocr,total,0.3109905999881448
printed,smudged,ours,quality_assessment,0.002722800010815263
printed,smudged,ours,preprocessing,0.0015148999955272302
printed,smudged,ours,engine:tesseract,0.11094230000162497
printed,smudged,ours,fusion,2.6999914553016424e-06
printed,smudged,ours,total,0.11531170000671409
printed,jpeg_compressed,tesseract,total,0.12848440000379924
printed,jpeg_compressed,easyocr,total,0.2313670000003185
printed,jpeg_compressed,ours,quality_assessment,0.0024265999963972718
printed,jpeg_compressed,ours,preprocessing,0.001404700000421144
printed,jpeg_compressed,ours,engine:tesseract,0.12640000000828877
printed,jpeg_compressed,ours,fusion,2.6999914553016424e-06
printed,jpeg_compressed,ours,total,0.13035870000021532
printed,combo_hard,tesseract,total,0.11046280000300612
printed,combo_hard,easyocr,total,0.21812460001092404
printed,combo_hard,ours,quality_assessment,0.0036582999891834334
printed,combo_hard,ours,preprocessing,0.10935139999492094
printed,combo_hard,ours,engine:tesseract,0.14650629999232478
printed,combo_hard,ours,engine:easyocr,0.3134754999919096
printed,combo_hard,ours,fusion,0.0006736999930581078
printed,combo_hard,ours,total,0.5738038000126835
handwritten_proxy,clean,tesseract,total,0.1349259999988135
handwritten_proxy,clean,easyocr,total,0.26702369999838993
handwritten_proxy,clean,ours,quality_assessment,0.0023536999942734838
handwritten_proxy,clean,ours,preprocessing,0.001018900002236478
handwritten_proxy,clean,ours,engine:tesseract,0.11831360000360291
handwritten_proxy,clean,ours,fusion,5.00003807246685e-07
handwritten_proxy,clean,ours,total,0.1218040999956429
handwritten_proxy,light_blur,tesseract,total,0.10447199999180157
handwritten_proxy,light_blur,easyocr,total,0.23764810001011938
handwritten_proxy,light_blur,ours,quality_assessment,0.002430900000035763
handwritten_proxy,light_blur,ours,preprocessing,0.0011528000031830743
handwritten_proxy,light_blur,ours,engine:tesseract,0.1191815000056522
handwritten_proxy,light_blur,ours,fusion,1.2999953469261527e-06
handwritten_proxy,light_blur,ours,total,0.12284870000439696
handwritten_proxy,heavy_blur,tesseract,total,0.1323915999964811
handwritten_proxy,heavy_blur,easyocr,total,0.31739729999389965
handwritten_proxy,heavy_blur,ours,quality_assessment,0.004104499996174127
handwritten_proxy,heavy_blur,ours,preprocessing,0.002953399991383776
handwritten_proxy,heavy_blur,ours,engine:tesseract,0.14109040000766981
handwritten_proxy,heavy_blur,ours,engine:easyocr,0.32279940000444185
handwritten_proxy,heavy_blur,ours,fusion,0.00015329998859670013
handwritten_proxy,heavy_blur,ours,total,0.4712298000085866
handwritten_proxy,motion_blur,tesseract,total,0.10743800000636838
handwritten_proxy,motion_blur,easyocr,total,0.22369030000118073
handwritten_proxy,motion_blur,ours,quality_assessment,0.0027791000029537827
handwritten_proxy,motion_blur,ours,preprocessing,0.001408399999490939
handwritten_proxy,motion_blur,ours,engine:tesseract,0.1253891999949701
handwritten_proxy,motion_blur,ours,fusion,2.00001522898674e-07
handwritten_proxy,motion_blur,ours,total,0.1296608999982709
handwritten_proxy,noisy,tesseract,total,0.10934139999153558
handwritten_proxy,noisy,easyocr,total,0.24228279999806546
handwritten_proxy,noisy,ours,quality_assessment,0.0036262999929022044
handwritten_proxy,noisy,ours,preprocessing,0.10595610000018496
handwritten_proxy,noisy,ours,engine:tesseract,0.14416109999001492
handwritten_proxy,noisy,ours,fusion,2.8999929782003164e-06
handwritten_proxy,noisy,ours,total,0.2538827999960631
handwritten_proxy,salt_pepper,tesseract,total,0.12059690000023693
handwritten_proxy,salt_pepper,easyocr,total,0.3430277000006754
handwritten_proxy,salt_pepper,ours,quality_assessment,0.004965999993146397
handwritten_proxy,salt_pepper,ours,preprocessing,0.0024055000103544444
handwritten_proxy,salt_pepper,ours,engine:tesseract,0.12004270000034012
handwritten_proxy,salt_pepper,ours,fusion,2.7000060072168708e-06
handwritten_proxy,salt_pepper,ours,total,0.12754659999336582
handwritten_proxy,skewed,tesseract,total,0.10768539999844506
handwritten_proxy,skewed,easyocr,total,0.22847859999455977
handwritten_proxy,skewed,ours,quality_assessment,0.0024833999923430383
handwritten_proxy,skewed,ours,preprocessing,0.0015856999962124974
handwritten_proxy,skewed,ours,engine:tesseract,0.11963300000934396
handwritten_proxy,skewed,ours,fusion,1.3999961083754897e-06
handwritten_proxy,skewed,ours,total,0.12378480000188574
handwritten_proxy,low_contrast,tesseract,total,0.1151112999941688
handwritten_proxy,low_contrast,easyocr,total,0.23225050000473857
handwritten_proxy,low_contrast,ours,quality_assessment,0.002524800001992844
handwritten_proxy,low_contrast,ours,preprocessing,0.001412400000845082
handwritten_proxy,low_contrast,ours,engine:tesseract,0.15003710000019055
handwritten_proxy,low_contrast,ours,fusion,2.7999922167509794e-06
handwritten_proxy,low_contrast,ours,total,0.15412690000084694
handwritten_proxy,smudged,tesseract,total,0.12458099999639671
handwritten_proxy,smudged,easyocr,total,0.3296130999951856
handwritten_proxy,smudged,ours,quality_assessment,0.002773100000922568
handwritten_proxy,smudged,ours,preprocessing,0.0019040999904973432
handwritten_proxy,smudged,ours,engine:tesseract,0.1250852999946801
handwritten_proxy,smudged,ours,fusion,3.1999952625483274e-06
handwritten_proxy,smudged,ours,total,0.12990040000295267
handwritten_proxy,jpeg_compressed,tesseract,total,0.14103709999471903
handwritten_proxy,jpeg_compressed,easyocr,total,0.22102219999942463
handwritten_proxy,jpeg_compressed,ours,quality_assessment,0.002180299998144619
handwritten_proxy,jpeg_compressed,ours,preprocessing,0.0010203000128967687
handwritten_proxy,jpeg_compressed,ours,engine:tesseract,0.12750449999293778
handwritten_proxy,jpeg_compressed,ours,fusion,2.6000052457675338e-06
handwritten_proxy,jpeg_compressed,ours,total,0.13083059999917168
handwritten_proxy,combo_hard,tesseract,total,0.11296120000770316
handwritten_proxy,combo_hard,easyocr,total,0.25508639999316074
handwritten_proxy,combo_hard,ours,quality_assessment,0.005206100002396852
handwritten_proxy,combo_hard,ours,preprocessing,0.10448589999577962
handwritten_proxy,combo_hard,ours,engine:tesseract,0.12305489998834673
handwritten_proxy,combo_hard,ours,engine:easyocr,0.28195410000626
handwritten_proxy,combo_hard,ours,fusion,0.0006536000000778586
handwritten_proxy,combo_hard,ours,total,0.5154670999909285
printed,clean,tesseract,total,0.1301759000052698
printed,clean,easyocr,total,0.26526399998692796
printed,clean,ours,quality_assessment,0.002788500001770444
printed,clean,ours,preprocessing,0.001265600003534928
printed,clean,ours,engine:tesseract,0.1307987000036519
printed,clean,ours,fusion,6.00004568696022e-07
printed,clean,ours,total,0.1349772999965353
printed,light_blur,tesseract,total,0.104429800005164
printed,light_blur,easyocr,total,0.40298700000857934
printed,light_blur,ours,quality_assessment,0.004054300006828271
printed,light_blur,ours,preprocessing,0.002525100004277192
printed,light_blur,ours,engine:tesseract,0.12056640000082552
printed,light_blur,ours,fusion,2.6999914553016424e-06
printed,light_blur,ours,total,0.12729079999553505
printed,heavy_blur,tesseract,total,0.1498732000036398
printed,heavy_blur,easyocr,total,0.32684040001186077
printed,heavy_blur,ours,quality_assessment,0.004083499996340834
printed,heavy_blur,ours,preprocessing,0.001892300002509728
printed,heavy_blur,ours,engine:tesseract,0.1380046999984188
printed,heavy_blur,ours,engine:easyocr,0.23952119999739807
printed,heavy_blur,ours,fusion,0.001214299991261214
printed,heavy_blur,ours,total,0.38486039999406785
printed,motion_blur,tesseract,total,0.14251700000022538
printed,motion_blur,easyocr,total,0.4443780000001425
printed,motion_blur,ours,quality_assessment,0.0040041000029305
printed,motion_blur,ours,preprocessing,0.0029924999980721623
printed,motion_blur,ours,engine:tesseract,0.12233909999486059
printed,motion_blur,ours,engine:easyocr,0.3253756999911275
printed,motion_blur,ours,fusion,0.0014454000047408044
printed,motion_blur,ours,total,0.4562834000098519
printed,noisy,tesseract,total,1.874050400001579
printed,noisy,easyocr,total,0.2422960999974748
printed,noisy,ours,quality_assessment,0.0036000999971292913
printed,noisy,ours,preprocessing,0.10632829999667592
printed,noisy,ours,engine:tesseract,0.10776099999202415
printed,noisy,ours,fusion,1.3999961083754897e-06
printed,noisy,ours,total,0.21777899999869987
printed,salt_pepper,tesseract,total,0.09516579999763053
printed,salt_pepper,easyocr,total,0.3202657000074396
printed,salt_pepper,ours,quality_assessment,0.0036239000037312508
printed,salt_pepper,ours,preprocessing,0.0013173999905120581
printed,salt_pepper,ours,engine:tesseract,0.12546039999870118
printed,salt_pepper,ours,fusion,2.6000052457675338e-06
printed,salt_pepper,ours,total,0.130536899989238
printed,skewed,tesseract,total,0.10391779999190476
printed,skewed,easyocr,total,0.24055760000192095
printed,skewed,ours,quality_assessment,0.0026853000017581508
printed,skewed,ours,preprocessing,0.0016150000010384247
printed,skewed,ours,engine:tesseract,0.13687539999955334
printed,skewed,ours,fusion,2.0000006770715117e-06
printed,skewed,ours,total,0.1412750000017695
printed,low_contrast,tesseract,total,0.09671179999713786
printed,low_contrast,easyocr,total,0.23318080000171904
printed,low_contrast,ours,quality_assessment,0.002483200005372055
printed,low_contrast,ours,preprocessing,0.0014226000057533383
printed,low_contrast,ours,engine:tesseract,0.11820250000164378
printed,low_contrast,ours,fusion,2.5999906938523054e-06
printed,low_contrast,ours,total,0.12224009999772534
printed,smudged,tesseract,total,0.11395240000274498
printed,smudged,easyocr,total,0.3758341000066139
printed,smudged,ours,quality_assessment,0.003578400006517768
printed,smudged,ours,preprocessing,0.0024924000026658177
printed,smudged,ours,engine:tesseract,0.12892629999259952
printed,smudged,ours,fusion,2.7999922167509794e-06
printed,smudged,ours,total,0.13513579999562353
printed,jpeg_compressed,tesseract,total,0.1248996999929659
printed,jpeg_compressed,easyocr,total,0.39338369999313727
printed,jpeg_compressed,ours,quality_assessment,0.0035651000071084127
printed,jpeg_compressed,ours,preprocessing,0.0023569999902974814
printed,jpeg_compressed,ours,engine:tesseract,0.48178859999461565
printed,jpeg_compressed,ours,fusion,1.3999961083754897e-06
printed,jpeg_compressed,ours,total,0.4878020000032848
printed,combo_hard,tesseract,total,0.10240980000526179
printed,combo_hard,easyocr,total,0.25028520000341814
printed,combo_hard,ours,quality_assessment,0.0033349000004818663
printed,combo_hard,ours,preprocessing,0.09497459999693092
printed,combo_hard,ours,engine:tesseract,0.10591130000830162
printed,combo_hard,ours,engine:easyocr,0.23142570001073182
printed,combo_hard,ours,fusion,0.00011619999713730067
printed,combo_hard,ours,total,0.43586309999227524
handwritten_proxy,clean,tesseract,total,0.15915079999831505
handwritten_proxy,clean,easyocr,total,0.35730440000770614
handwritten_proxy,clean,ours,quality_assessment,0.00285950000397861
handwritten_proxy,clean,ours,preprocessing,0.001265399987460114
handwritten_proxy,clean,ours,engine:tesseract,0.1310726999945473
handwritten_proxy,clean,ours,fusion,6.999907782301307e-07
handwritten_proxy,clean,ours,total,0.1353231999964919
handwritten_proxy,light_blur,tesseract,total,0.12697530000878032
handwritten_proxy,light_blur,easyocr,total,0.2510083999950439
handwritten_proxy,light_blur,ours,quality_assessment,0.0032881999941309914
handwritten_proxy,light_blur,ours,preprocessing,0.0015263999957824126
handwritten_proxy,light_blur,ours,engine:tesseract,0.13305240000772756
handwritten_proxy,light_blur,ours,fusion,2.800006768666208e-06
handwritten_proxy,light_blur,ours,total,0.13800829999672715
handwritten_proxy,heavy_blur,tesseract,total,0.11599229999410454
handwritten_proxy,heavy_blur,easyocr,total,0.3114449999993667
handwritten_proxy,heavy_blur,ours,quality_assessment,0.004219900001771748
handwritten_proxy,heavy_blur,ours,preprocessing,0.002888999995775521
handwritten_proxy,heavy_blur,ours,engine:tesseract,0.12828639999497682
handwritten_proxy,heavy_blur,ours,engine:easyocr,0.36019789999409113
handwritten_proxy,heavy_blur,ours,fusion,0.0014133999939076602
handwritten_proxy,heavy_blur,ours,total,0.4971360000054119
handwritten_proxy,motion_blur,tesseract,total,0.1361252000060631
handwritten_proxy,motion_blur,easyocr,total,0.32070749999547843
handwritten_proxy,motion_blur,ours,quality_assessment,0.002824399998644367
handwritten_proxy,motion_blur,ours,preprocessing,0.0013906999956816435
handwritten_proxy,motion_blur,ours,engine:tesseract,0.11607000000367407
handwritten_proxy,motion_blur,ours,fusion,9.00006853044033e-07
handwritten_proxy,motion_blur,ours,total,0.1204174000013154
handwritten_proxy,noisy,tesseract,total,0.12884760000451934
handwritten_proxy,noisy,easyocr,total,0.2559259999979986
handwritten_proxy,noisy,ours,quality_assessment,0.0033515000104671344
handwritten_proxy,noisy,ours,preprocessing,0.11231219999899622
handwritten_proxy,noisy,ours,engine:tesseract,0.1357329999882495
handwritten_proxy,noisy,ours,fusion,2.3999891709536314e-06
handwritten_proxy,noisy,ours,total,0.2515259999927366
handwritten_proxy,salt_pepper,tesseract,total,0.1293423999886727
handwritten_proxy,salt_pepper,easyocr,total,0.2891756000026362
handwritten_proxy,salt_pepper,ours,quality_assessment,0.00427520000084769
handwritten_proxy,salt_pepper,ours,preprocessing,0.0013527999981306493
handwritten_proxy,salt_pepper,ours,engine:tesseract,0.1365312999987509
handwritten_proxy,salt_pepper,ours,fusion,2.900007530115545e-06
handwritten_proxy,salt_pepper,ours,total,0.14229029999114573
handwritten_proxy,skewed,tesseract,total,0.11183910000545438
handwritten_proxy,skewed,easyocr,total,0.2488383000018075
handwritten_proxy,skewed,ours,quality_assessment,0.0026332999987062067
handwritten_proxy,skewed,ours,preprocessing,0.0016262999997707084
handwritten_proxy,skewed,ours,engine:tesseract,0.10576099999889266
handwritten_proxy,skewed,ours,fusion,1.5999976312741637e-06
handwritten_proxy,skewed,ours,total,0.11010970000643283
handwritten_proxy,low_contrast,tesseract,total,0.12648419999459293
handwritten_proxy,low_contrast,easyocr,total,0.35803869999654125
handwritten_proxy,low_contrast,ours,quality_assessment,0.0038138999952934682
handwritten_proxy,low_contrast,ours,preprocessing,0.00251580000622198
handwritten_proxy,low_contrast,ours,engine:tesseract,0.37425950000761077
handwritten_proxy,low_contrast,ours,fusion,1.4999968698248267e-06
handwritten_proxy,low_contrast,ours,total,0.38068429999111686
handwritten_proxy,smudged,tesseract,total,0.09375500000896864
handwritten_proxy,smudged,easyocr,total,0.2382194000092568
handwritten_proxy,smudged,ours,quality_assessment,0.0025891999976010993
handwritten_proxy,smudged,ours,preprocessing,0.0012604000075953081
handwritten_proxy,smudged,ours,engine:tesseract,0.13121389999287203
handwritten_proxy,smudged,ours,fusion,2.5000044843181968e-06
handwritten_proxy,smudged,ours,total,0.1352008000103524
handwritten_proxy,jpeg_compressed,tesseract,total,0.11849490000167862
handwritten_proxy,jpeg_compressed,easyocr,total,0.2586435999983223
handwritten_proxy,jpeg_compressed,ours,quality_assessment,0.002846299990778789
handwritten_proxy,jpeg_compressed,ours,preprocessing,0.0012883000017609447
handwritten_proxy,jpeg_compressed,ours,engine:tesseract,0.14008129999274388
handwritten_proxy,jpeg_compressed,ours,fusion,2.800006768666208e-06
handwritten_proxy,jpeg_compressed,ours,total,0.1443654000031529
handwritten_proxy,combo_hard,tesseract,total,0.16661939999903552
handwritten_proxy,combo_hard,easyocr,total,0.2395812000031583
handwritten_proxy,combo_hard,ours,quality_assessment,0.0031971999997040257
handwritten_proxy,combo_hard,ours,preprocessing,0.11270969999895897
handwritten_proxy,combo_hard,ours,engine:tesseract,0.14849590000812896
handwritten_proxy,combo_hard,ours,engine:easyocr,0.28084090001357254
handwritten_proxy,combo_hard,ours,fusion,0.0007011999987298623
handwritten_proxy,combo_hard,ours,total,0.5460369000065839
printed,clean,tesseract,total,0.10837220000394154
printed,clean,easyocr,total,0.23430529999313876
printed,clean,ours,quality_assessment,0.0021634000004269183
printed,clean,ours,preprocessing,0.0010480000055395067
printed,clean,ours,engine:tesseract,0.11250619999191258
printed,clean,ours,fusion,1.2999953469261527e-06
printed,clean,ours,total,0.11580010000034235
printed,light_blur,tesseract,total,0.11936710000736639
printed,light_blur,easyocr,total,0.32019719999516383
printed,light_blur,ours,quality_assessment,0.002740100011578761
printed,light_blur,ours,preprocessing,0.0014527000021189451
printed,light_blur,ours,engine:tesseract,0.12478329999430571
printed,light_blur,ours,fusion,2.9999937396496534e-06
printed,light_blur,ours,total,0.12912489999143872
printed,heavy_blur,tesseract,total,0.12316060000739526
printed,heavy_blur,easyocr,total,0.24313360000087414
printed,heavy_blur,ours,quality_assessment,0.00276319999829866
printed,heavy_blur,ours,preprocessing,0.0017820000066421926
printed,heavy_blur,ours,engine:tesseract,0.12574039999162778
printed,heavy_blur,ours,engine:easyocr,0.2447351000009803
printed,heavy_blur,ours,fusion,0.000730999992811121
printed,heavy_blur,ours,total,0.3758481000113534
printed,motion_blur,tesseract,total,0.11230470000009518
printed,motion_blur,easyocr,total,0.44462140000541694
printed,motion_blur,ours,quality_assessment,0.003984299997682683
printed,motion_blur,ours,preprocessing,0.002899899991462007
printed,motion_blur,ours,engine:tesseract,0.12875149998581037
printed,motion_blur,ours,engine:easyocr,0.47140870000293944
printed,motion_blur,ours,fusion,0.0013747999910265207
printed,motion_blur,ours,total,0.6085508999967715
printed,noisy,tesseract,total,0.13616680000268389
printed,noisy,easyocr,total,0.2552697000064654
printed,noisy,ours,quality_assessment,0.0028337999974610284
printed,noisy,ours,preprocessing,0.09654509999381844
printed,noisy,ours,engine:tesseract,0.10225599999830592
printed,noisy,ours,engine:easyocr,0.22757160000037402
printed,noisy,ours,fusion,0.0001340000017080456
printed,noisy,ours,total,0.4294439999939641
printed,salt_pepper,tesseract,total,0.1362659000005806
printed,salt_pepper,easyocr,total,0.3589016000041738
printed,salt_pepper,ours,quality_assessment,0.0053226000018185005
printed,salt_pepper,ours,preprocessing,0.002484800003003329
printed,salt_pepper,ours,engine:tesseract,0.11612810000951868
printed,salt_pepper,ours,fusion,1.7999991541728377e-06
printed,salt_pepper,ours,total,0.12405250000301749
printed,skewed,tesseract,total,0.11505789999500848
printed,skewed,easyocr,total,0.25508350000018254
printed,skewed,ours,quality_assessment,0.00370400000247173
printed,skewed,ours,preprocessing,0.0026760999899124727
printed,skewed,ours,engine:tesseract,0.13182990001223516
printed,skewed,ours,fusion,2.7000060072168708e-06
printed,skewed,ours,total,0.1383574000064982
printed,low_contrast,tesseract,total,0.09938069999043364
printed,low_contrast,easyocr,total,0.24510519999603275
printed,low_contrast,ours,quality_assessment,0.0026781000051414594
printed,low_contrast,ours,preprocessing,0.0012947999930474907
printed,low_contrast,ours,engine:tesseract,0.13842129999829922
printed,low_contrast,ours,fusion,2.800006768666208e-06
printed,low_contrast,ours,total,0.14254659999278374
printed,smudged,tesseract,total,0.1537157999991905
printed,smudged,easyocr,total,0.3129017000028398
printed,smudged,ours,quality_assessment,0.0022908000100869685
printed,smudged,ours,preprocessing,0.0010612000041874126
printed,smudged,ours,engine:tesseract,0.10188789998937864
printed,smudged,ours,fusion,3.000008291564882e-06
printed,smudged,ours,total,0.10537889999977779
printed,jpeg_compressed,tesseract,total,0.11680449999403208
printed,jpeg_compressed,easyocr,total,0.2265209000033792
printed,jpeg_compressed,ours,quality_assessment,0.002485099990735762
printed,jpeg_compressed,ours,preprocessing,0.0014088999887462705
printed,jpeg_compressed,ours,engine:tesseract,0.11981299999752082
printed,jpeg_compressed,ours,fusion,2.8999929782003164e-06
printed,jpeg_compressed,ours,total,0.12385129999893252
printed,combo_hard,tesseract,total,0.12393980000342708
printed,combo_hard,easyocr,total,0.23639489999914076
printed,combo_hard,ours,quality_assessment,0.00399440000182949
printed,combo_hard,ours,preprocessing,0.09860980001394637
printed,combo_hard,ours,engine:tesseract,0.13445689999207389
printed,combo_hard,ours,engine:easyocr,0.37808599999698345
printed,combo_hard,ours,fusion,0.0011183000024175271
printed,combo_hard,ours,total,0.6164184999943245
handwritten_proxy,clean,tesseract,total,0.16066540000610985
handwritten_proxy,clean,easyocr,total,0.35012109999661334
handwritten_proxy,clean,ours,quality_assessment,0.003954600004362874
handwritten_proxy,clean,ours,preprocessing,0.0024505999899702147
handwritten_proxy,clean,ours,engine:tesseract,0.11752509999496397
handwritten_proxy,clean,ours,fusion,7.00005330145359e-07
handwritten_proxy,clean,ours,total,0.12407669999811333
handwritten_proxy,light_blur,tesseract,total,0.11877600000298116
handwritten_proxy,light_blur,easyocr,total,0.23932690000219736
handwritten_proxy,light_blur,ours,quality_assessment,0.0024574999988544732
handwritten_proxy,light_blur,ours,preprocessing,0.0010157999931834638
handwritten_proxy,light_blur,ours,engine:tesseract,0.11718269999255426
handwritten_proxy,light_blur,ours,fusion,2.8999929782003164e-06
handwritten_proxy,light_blur,ours,total,0.12078789999941364
handwritten_proxy,heavy_blur,tesseract,total,0.10426040001038928
handwritten_proxy,heavy_blur,easyocr,total,0.4330858999892371
handwritten_proxy,heavy_blur,ours,quality_assessment,0.0044679999991785735
handwritten_proxy,heavy_blur,ours,preprocessing,0.0029073000041535124
handwritten_proxy,heavy_blur,ours,engine:tesseract,0.1188049000047613
handwritten_proxy,heavy_blur,ours,engine:easyocr,0.2691033999872161
handwritten_proxy,heavy_blur,ours,fusion,0.0006494999979622662
handwritten_proxy,heavy_blur,ours,total,0.3960460999951465
handwritten_proxy,motion_blur,tesseract,total,0.1536225000018021
handwritten_proxy,motion_blur,easyocr,total,0.27316110000538174
handwritten_proxy,motion_blur,ours,quality_assessment,0.003052700005355291
handwritten_proxy,motion_blur,ours,preprocessing,0.0014401999942492694
handwritten_proxy,motion_blur,ours,engine:tesseract,0.14003629999933764
handwritten_proxy,motion_blur,ours,engine:easyocr,0.4197840999986511
handwritten_proxy,motion_blur,ours,fusion,0.0009217000042553991
handwritten_proxy,motion_blur,ours,total,0.5653493999998318
handwritten_proxy,noisy,tesseract,total,0.14596950000850484
handwritten_proxy,noisy,easyocr,total,0.3911636999982875
handwritten_proxy,noisy,ours,quality_assessment,0.005097899993415922
handwritten_proxy,noisy,ours,preprocessing,0.12641499999153893
handwritten_proxy,noisy,ours,engine:tesseract,0.12715640000533313
handwritten_proxy,noisy,ours,fusion,1.400010660290718e-06
handwritten_proxy,noisy,ours,total,0.2587887999980012
handwritten_proxy,salt_pepper,tesseract,total,0.08540670000365935
handwritten_proxy,salt_pepper,easyocr,total,0.2889133000135189
handwritten_proxy,salt_pepper,ours,quality_assessment,0.004116399999475107
handwritten_proxy,salt_pepper,ours,preprocessing,0.001030300001730211
handwritten_proxy,salt_pepper,ours,engine:tesseract,0.11136890000489075
handwritten_proxy,salt_pepper,ours,fusion,2.7999922167509794e-06
handwritten_proxy,salt_pepper,ours,total,0.11664930000551976
handwritten_proxy,skewed,tesseract,total,0.1397101000038674
handwritten_proxy,skewed,easyocr,total,0.3161651999980677
handwritten_proxy,skewed,ours,quality_assessment,0.0038984999991953373
handwritten_proxy,skewed,ours,preprocessing,0.0025954000011552125
handwritten_proxy,skewed,ours,engine:tesseract,0.11682149999251124
handwritten_proxy,skewed,ours,fusion,2.6999914553016424e-06
handwritten_proxy,skewed,ours,total,0.1234664000076009
handwritten_proxy,low_contrast,tesseract,total,0.11275349999777973
handwritten_proxy,low_contrast,easyocr,total,0.2574486999947112
handwritten_proxy,low_contrast,ours,quality_assessment,0.0023587999894516543
handwritten_proxy,low_contrast,ours,preprocessing,0.001190299997688271
handwritten_proxy,low_contrast,ours,engine:tesseract,0.11828210001112893
handwritten_proxy,low_contrast,ours,fusion,1.2999953469261527e-06
handwritten_proxy,low_contrast,ours,total,0.12192350000259466
handwritten_proxy,smudged,tesseract,total,0.11993689999508206
handwritten_proxy,smudged,easyocr,total,0.24350409999897238
handwritten_proxy,smudged,ours,quality_assessment,0.0022062999923946336
handwritten_proxy,smudged,ours,preprocessing,0.0010129000002052635
handwritten_proxy,smudged,ours,engine:tesseract,0.1268192999996245
handwritten_proxy,smudged,ours,fusion,2.7999922167509794e-06
handwritten_proxy,smudged,ours,total,0.1301683000056073
handwritten_proxy,jpeg_compressed,tesseract,total,0.16827350000676233
handwritten_proxy,jpeg_compressed,easyocr,total,0.36650940000254195
handwritten_proxy,jpeg_compressed,ours,quality_assessment,0.00372399999469053
handwritten_proxy,jpeg_compressed,ours,preprocessing,0.002320800005691126
handwritten_proxy,jpeg_compressed,ours,engine:tesseract,0.15527190000284463
handwritten_proxy,jpeg_compressed,ours,fusion,2.6000052457675338e-06
handwritten_proxy,jpeg_compressed,ours,total,0.1614625999936834
handwritten_proxy,combo_hard,tesseract,total,0.16066569999384228
handwritten_proxy,combo_hard,easyocr,total,0.2506691999878967
handwritten_proxy,combo_hard,ours,quality_assessment,0.0030325999978231266
handwritten_proxy,combo_hard,ours,preprocessing,0.0831698999973014
handwritten_proxy,combo_hard,ours,engine:tesseract,0.12052530000801198
handwritten_proxy,combo_hard,ours,engine:easyocr,0.25313789999927394
handwritten_proxy,combo_hard,ours,fusion,0.0005191999953240156
handwritten_proxy,combo_hard,ours,total,0.4604873000062071
printed,clean,tesseract,total,0.11442659999011084
printed,clean,easyocr,total,0.23318500000459608
printed,clean,ours,quality_assessment,0.0023477999930037186
printed,clean,ours,preprocessing,0.001317300004302524
printed,clean,ours,engine:tesseract,0.12748219999775756
printed,clean,ours,fusion,6.00004568696022e-07
printed,clean,ours,total,0.13129790000675712
printed,light_blur,tesseract,total,0.1517057000019122
printed,light_blur,easyocr,total,0.35833329999877606
printed,light_blur,ours,quality_assessment,0.003575700000510551
printed,light_blur,ours,preprocessing,0.0020226999913575128
printed,light_blur,ours,engine:tesseract,0.12600449999445118
printed,light_blur,ours,fusion,2.800006768666208e-06
printed,light_blur,ours,total,0.13175720001163427
printed,heavy_blur,tesseract,total,0.14064240000152495
printed,heavy_blur,easyocr,total,0.26062679999449756
printed,heavy_blur,ours,quality_assessment,0.002885600013541989
printed,heavy_blur,ours,preprocessing,0.001650799997150898
printed,heavy_blur,ours,engine:tesseract,0.13674269999319222
printed,heavy_blur,ours,engine:easyocr,0.22625209999387152
printed,heavy_blur,ours,fusion,0.0009288000001106411
printed,heavy_blur,ours,total,0.3685667000099784
printed,motion_blur,tesseract,total,0.14208700000017416
printed,motion_blur,easyocr,total,0.455445100000361
printed,motion_blur,ours,quality_assessment,0.004053800003021024
printed,motion_blur,ours,preprocessing,0.0029757000011159107
printed,motion_blur,ours,engine:tesseract,0.13010809999832418
printed,motion_blur,ours,engine:easyocr,0.3139875999913784
printed,motion_blur,ours,fusion,0.0008716000011190772
printed,motion_blur,ours,total,0.4520870999986073
printed,noisy,tesseract,total,0.1452632000000449
printed,noisy,easyocr,total,0.25945230000070296
printed,noisy,ours,quality_assessment,0.0031180000078165904
printed,noisy,ours,preprocessing,0.10932500001217704
printed,noisy,ours,engine:tesseract,0.11085699999239296
printed,noisy,ours,engine:easyocr,0.34089140000287443
printed,noisy,ours,fusion,0.00015920000441838056
printed,noisy,ours,total,0.564460700014024
printed,salt_pepper,tesseract,total,0.123801599998842
printed,salt_pepper,easyocr,total,0.3904307000047993
printed,salt_pepper,ours,quality_assessment,0.005048100007115863
printed,salt_pepper,ours,preprocessing,0.0024625000078231096
printed,salt_pepper,ours,engine:tesseract,0.1267915000062203
printed,salt_pepper,ours,fusion,1.309999788645655e-05
printed,salt_pepper,ours,total,0.13445820000197273
printed,skewed,tesseract,total,0.11683919999632053
printed,skewed,easyocr,total,0.25154890000703745
printed,skewed,ours,quality_assessment,0.0026150999910896644
printed,skewed,ours,preprocessing,0.001301900003454648
printed,skewed,ours,engine:tesseract,0.13963259999582078
printed,skewed,ours,fusion,3.999986802227795e-06
printed,skewed,ours,total,0.1436970999930054
printed,low_contrast,tesseract,total,0.1039504000073066
printed,low_contrast,easyocr,total,0.25985729999956675
printed,low_contrast,ours,quality_assessment,0.003854300011880696
printed,low_contrast,ours,preprocessing,0.0025270999904023483
printed,low_contrast,ours,engine:tesseract,0.15487489999213722
printed,low_contrast,ours,fusion,3.0999945010989904e-06
printed,low_contrast,ours,total,0.16142969999054912
printed,smudged,tesseract,total,0.15595570000004955
printed,smudged,easyocr,total,0.28525479999370873
printed,smudged,ours,quality_assessment,0.0029177000105846673
printed,smudged,ours,preprocessing,0.001480399994761683
printed,smudged,ours,engine:tesseract,0.11049419999471866
printed,smudged,ours,fusion,1.4999968698248267e-06
printed,smudged,ours,total,0.11499070000718348
printed,jpeg_compressed,tesseract,total,0.12248730000283103
printed,jpeg_compressed,easyocr,total,0.26171510000131093
printed,jpeg_compressed,ours,quality_assessment,0.0023449000000255182
printed,jpeg_compressed,ours,preprocessing,0.001225600004545413
printed,jpeg_compressed,ours,engine:tesseract,0.14366709999740124
printed,jpeg_compressed,ours,fusion,2.6999914553016424e-06
printed,jpeg_compressed,ours,total,0.14737809999496676
printed,combo_hard,tesseract,total,0.11138309999660123
printed,combo_hard,easyocr,total,0.3933552999951644
printed,combo_hard,ours,quality_assessment,0.004259199995431118
printed,combo_hard,ours,preprocessing,0.1232839000003878
printed,combo_hard,ours,engine:tesseract,0.45682099999976344
printed,combo_hard,ours,engine:easyocr,0.2481370000023162
printed,combo_hard,ours,fusion,0.00013380000018514693
printed,combo_hard,ours,total,0.8327370999904815
handwritten_proxy,clean,tesseract,total,0.12201029999414459
handwritten_proxy,clean,easyocr,total,0.23267840000335127
handwritten_proxy,clean,ours,quality_assessment,0.0025784000026760623
handwritten_proxy,clean,ours,preprocessing,0.0012654999882215634
handwritten_proxy,clean,ours,engine:tesseract,0.1326171999971848
handwritten_proxy,clean,ours,fusion,4.00003045797348e-07
handwritten_proxy,clean,ours,total,0.13657960000273306
handwritten_proxy,light_blur,tesseract,total,0.11530710000079125
handwritten_proxy,light_blur,easyocr,total,0.2556975999905262
handwritten_proxy,light_blur,ours,quality_assessment,0.003487400012090802
handwritten_proxy,light_blur,ours,preprocessing,0.0018401999986963347
handwritten_proxy,light_blur,ours,engine:tesseract,0.15207660000305623
handwritten_proxy,light_blur,ours,fusion,2.7000060072168708e-06
handwritten_proxy,light_blur,ours,total,0.1575719999964349
handwritten_proxy,heavy_blur,tesseract,total,0.13980390000506304
handwritten_proxy,heavy_blur,easyocr,total,0.3740424999996321
handwritten_proxy,heavy_blur,ours,quality_assessment,0.0033950000070035458
handwritten_proxy,heavy_blur,ours,preprocessing,0.001956800013431348
handwritten_proxy,heavy_blur,ours,engine:tesseract,0.1354260000080103
handwritten_proxy,heavy_blur,ours,engine:easyocr,0.29323320000548847
handwritten_proxy,heavy_blur,ours,fusion,0.001360399997793138
handwritten_proxy,heavy_blur,ours,total,0.43549560000246856
handwritten_proxy,motion_blur,tesseract,total,0.14442820000112988
handwritten_proxy,motion_blur,easyocr,total,0.3435938000038732
handwritten_proxy,motion_blur,ours,quality_assessment,0.0043221999949309975
handwritten_proxy,motion_blur,ours,preprocessing,0.002587899987702258
handwritten_proxy,motion_blur,ours,engine:tesseract,0.11851590000151191
handwritten_proxy,motion_blur,ours,engine:easyocr,0.5347925999958534
handwritten_proxy,motion_blur,ours,fusion,0.0014205999905243516
handwritten_proxy,motion_blur,ours,total,0.6617716000037035
handwritten_proxy,noisy,tesseract,total,0.13434410000627395
handwritten_proxy,noisy,easyocr,total,0.25488719998975284
handwritten_proxy,noisy,ours,quality_assessment,0.004184500008705072
handwritten_proxy,noisy,ours,preprocessing,0.10850930000015069
handwritten_proxy,noisy,ours,engine:tesseract,0.11955489999672864
handwritten_proxy,noisy,ours,fusion,1.4999968698248267e-06
handwritten_proxy,noisy,ours,total,0.23234050000610296
handwritten_proxy,salt_pepper,tesseract,total,0.08364939999592025
handwritten_proxy,salt_pepper,easyocr,total,0.2576072999945609
handwritten_proxy,salt_pepper,ours,quality_assessment,0.005053600005339831
handwritten_proxy,salt_pepper,ours,preprocessing,0.0023569999902974814
handwritten_proxy,salt_pepper,ours,engine:tesseract,0.1437964000069769
handwritten_proxy,salt_pepper,ours,fusion,3.1999952625483274e-06
handwritten_proxy,salt_pepper,ours,total,0.15137520000280347
handwritten_proxy,skewed,tesseract,total,0.13751570000022184
handwritten_proxy,skewed,easyocr,total,0.4480355999985477
handwritten_proxy,skewed,ours,quality_assessment,0.004272699996363372
handwritten_proxy,skewed,ours,preprocessing,0.0027999000012641773
handwritten_proxy,skewed,ours,engine:tesseract,0.13834279999719
handwritten_proxy,skewed,ours,fusion,3.0999945010989904e-06
handwritten_proxy,skewed,ours,total,0.14557150000473484
handwritten_proxy,low_contrast,tesseract,total,0.11044370000308845
handwritten_proxy,low_contrast,easyocr,total,0.25577780000458006
handwritten_proxy,low_contrast,ours,quality_assessment,0.002747499995166436
handwritten_proxy,low_contrast,ours,preprocessing,0.0014529000036418438
handwritten_proxy,low_contrast,ours,engine:tesseract,0.14339130000735167
handwritten_proxy,low_contrast,ours,fusion,2.5999906938523054e-06
handwritten_proxy,low_contrast,ours,total,0.14773430000059307
handwritten_proxy,smudged,tesseract,total,0.1083550000039395
handwritten_proxy,smudged,easyocr,total,0.33168319999822415
handwritten_proxy,smudged,ours,quality_assessment,0.004301300010411069
handwritten_proxy,smudged,ours,preprocessing,0.0029593999934149906
handwritten_proxy,smudged,ours,engine:tesseract,0.15356050000991672
handwritten_proxy,smudged,ours,fusion,2.900007530115545e-06
handwritten_proxy,smudged,ours,total,0.1609757999976864
handwritten_proxy,jpeg_compressed,tesseract,total,0.1265185000083875
handwritten_proxy,jpeg_compressed,easyocr,total,0.26648419999401085
handwritten_proxy,jpeg_compressed,ours,quality_assessment,0.002778599999146536
handwritten_proxy,jpeg_compressed,ours,preprocessing,0.0013418000016827136
handwritten_proxy,jpeg_compressed,ours,engine:tesseract,0.12675530000706203
handwritten_proxy,jpeg_compressed,ours,fusion,2.5999906938523054e-06
handwritten_proxy,jpeg_compressed,ours,total,0.13100939999276306
handwritten_proxy,combo_hard,tesseract,total,0.12477710000530351
handwritten_proxy,combo_hard,easyocr,total,0.2578808999969624
handwritten_proxy,combo_hard,ours,quality_assessment,0.0038748000079067424
handwritten_proxy,combo_hard,ours,preprocessing,0.08657119999406859
handwritten_proxy,combo_hard,ours,engine:tesseract,0.1285665000032168
handwritten_proxy,combo_hard,ours,fusion,1.3999961083754897e-06
handwritten_proxy,combo_hard,ours,total,0.21909990000131074
printed,clean,tesseract,total,0.12365949999366421
printed,clean,easyocr,total,0.43215350000537
printed,clean,ours,quality_assessment,0.003928100006305613
printed,clean,ours,preprocessing,0.0024994999985210598
printed,clean,ours,engine:tesseract,0.1420131000049878
printed,clean,ours,fusion,2.5000044843181968e-06
printed,clean,ours,total,0.14858240001194645
printed,light_blur,tesseract,total,0.1651032999943709
printed,light_blur,easyocr,total,0.3956327999912901
printed,light_blur,ours,quality_assessment,0.003957299995818175
printed,light_blur,ours,preprocessing,0.0026230000075884163
printed,light_blur,ours,engine:tesseract,0.13397489998897072
printed,light_blur,ours,fusion,1.2999953469261527e-06
printed,light_blur,ours,total,0.14066089999687392
printed,heavy_blur,tesseract,total,0.1125082999933511
printed,heavy_blur,easyocr,total,0.2646251999976812
printed,heavy_blur,ours,quality_assessment,0.0031008999940240756
printed,heavy_blur,ours,preprocessing,0.0019346000044606626
printed,heavy_blur,ours,engine:tesseract,0.1425083999929484
printed,heavy_blur,ours,engine:easyocr,0.25015380000695586
printed,heavy_blur,ours,fusion,0.001239799996255897
printed,heavy_blur,ours,total,0.39903930001310073
printed,motion_blur,tesseract,total,0.12701349999406375
printed,motion_blur,easyocr,total,0.5110719000076642
printed,motion_blur,ours,quality_assessment,0.0034912999981315807
printed,motion_blur,ours,preprocessing,0.0016058000037446618
printed,motion_blur,ours,engine:tesseract,0.15965760000108276
printed,motion_blur,ours,engine:easyocr,0.5422148000070592
printed,motion_blur,ours,fusion,0.0014032000035513192
printed,motion_blur,ours,total,0.7084733999945456
printed,noisy,tesseract,total,0.15763260000676382
printed,noisy,easyocr,total,0.25564249999297317
printed,noisy,ours,quality_assessment,0.0034651000023586676
printed,noisy,ours,preprocessing,0.11600690000341274
printed,noisy,ours,engine:tesseract,0.11621639999793842
printed,noisy,ours,fusion,4.00003045797348e-07
printed,noisy,ours,total,0.23578479999559931
printed,salt_pepper,tesseract,total,0.08374789998924825
printed,salt_pepper,easyocr,total,0.44126979999418836
printed,salt_pepper,ours,quality_assessment,0.004921700005070306
printed,salt_pepper,ours,preprocessing,0.0014919000095687807
printed,salt_pepper,ours,engine:tesseract,0.14026580000063404
printed,salt_pepper,ours,fusion,2.800006768666208e-06
printed,salt_pepper,ours,total,0.1468223000119906
printed,skewed,tesseract,total,0.11002170000574552
printed,skewed,easyocr,total,0.2766282000084175
printed,skewed,ours,quality_assessment,0.0023889999865787104
printed,skewed,ours,preprocessing,0.0021561000030487776
printed,skewed,ours,engine:tesseract,0.13011220000043977
printed,skewed,ours,fusion,2.900007530115545e-06
printed,skewed,ours,total,0.13479379999625962
printed,low_contrast,tesseract,total,0.10960709999199025
printed,low_contrast,easyocr,total,0.2865868000080809
printed,low_contrast,ours,quality_assessment,0.0022339999995892867
printed,low_contrast,ours,preprocessing,0.0011961999989580363
printed,low_contrast,ours,engine:tesseract,0.1623671999986982
printed,low_contrast,ours,fusion,2.8999929782003164e-06
printed,low_contrast,ours,total,0.16595090000191703
printed,smudged,tesseract,total,0.15975279999838676
printed,smudged,easyocr,total,0.4957365000009304
printed,smudged,ours,quality_assessment,0.00411960000928957
printed,smudged,ours,preprocessing,0.002593999990494922
printed,smudged,ours,engine:tesseract,0.1473169999953825
printed,smudged,ours,fusion,2.8999929782003164e-06
printed,smudged,ours,total,0.15417429999797605
printed,jpeg_compressed,tesseract,total,0.12244550000468735
printed,jpeg_compressed,easyocr,total,0.3207875000080094
printed,jpeg_compressed,ours,quality_assessment,0.002770899998722598
printed,jpeg_compressed,ours,preprocessing,0.0013967999984743074
printed,jpeg_compressed,ours,engine:tesseract,0.1493322000023909
printed,jpeg_compressed,ours,fusion,2.7000060072168708e-06
printed,jpeg_compressed,ours,total,0.15363260000594892
printed,combo_hard,tesseract,total,0.11205389999668114
printed,combo_hard,easyocr,total,0.43799540000327397
printed,combo_hard,ours,quality_assessment,0.006186700004036538
printed,combo_hard,ours,preprocessing,0.14333690000057686
printed,combo_hard,ours,engine:tesseract,0.13240420000511222
printed,combo_hard,ours,engine:easyocr,0.3087004999979399
printed,combo_hard,ours,fusion,0.00015249999705702066
printed,combo_hard,ours,total,0.5909225000068545
handwritten_proxy,clean,tesseract,total,0.12031529999512713
handwritten_proxy,clean,easyocr,total,0.2579965000040829
handwritten_proxy,clean,ours,quality_assessment,0.0029357000021263957
handwritten_proxy,clean,ours,preprocessing,0.0013958000054117292
handwritten_proxy,clean,ours,engine:tesseract,0.1369498999993084
handwritten_proxy,clean,ours,fusion,1.8999999156221747e-06
handwritten_proxy,clean,ours,total,0.14139420000719838
handwritten_proxy,light_blur,tesseract,total,0.11730660000466742
handwritten_proxy,light_blur,easyocr,total,0.39070299999730196
handwritten_proxy,light_blur,ours,quality_assessment,0.004298500003642403
handwritten_proxy,light_blur,ours,preprocessing,0.002535899999202229
handwritten_proxy,light_blur,ours,engine:tesseract,0.1321814999973867
handwritten_proxy,light_blur,ours,fusion,3.200009814463556e-06
handwritten_proxy,light_blur,ours,total,0.13916770000651013
handwritten_proxy,heavy_blur,tesseract,total,0.13718089999747463
handwritten_proxy,heavy_blur,easyocr,total,0.2587411999993492
handwritten_proxy,heavy_blur,ours,quality_assessment,0.004502199997659773
handwritten_proxy,heavy_blur,ours,preprocessing,0.002134399997885339
handwritten_proxy,heavy_blur,ours,engine:tesseract,0.13110800000140443
handwritten_proxy,heavy_blur,ours,engine:easyocr,0.2473281999991741
handwritten_proxy,heavy_blur,ours,fusion,0.0012027000047964975
handwritten_proxy,heavy_blur,ours,total,0.38637890000245534
handwritten_proxy,motion_blur,tesseract,total,0.1238011999957962
handwritten_proxy,motion_blur,easyocr,total,0.29273439999087714
handwritten_proxy,motion_blur,ours,quality_assessment,0.0027852000057464465
handwritten_proxy,motion_blur,ours,preprocessing,0.0014642000023741275
handwritten_proxy,motion_blur,ours,engine:tesseract,0.1174511999997776
handwritten_proxy,motion_blur,ours,fusion,3.00002284348011e-07
handwritten_proxy,motion_blur,ours,total,0.12179879999894183
handwritten_proxy,noisy,tesseract,total,0.17622940000728704
handwritten_proxy,noisy,easyocr,total,0.3188755000010133
handwritten_proxy,noisy,ours,quality_assessment,0.004871800003456883
handwritten_proxy,noisy,ours,preprocessing,0.10678200000256766
handwritten_proxy,noisy,ours,engine:tesseract,0.12641579999763053
handwritten_proxy,noisy,ours,fusion,1.2999953469261527e-06
handwritten_proxy,noisy,ours,total,0.23816049999732058
handwritten_proxy,salt_pepper,tesseract,total,0.08510979999846313
handwritten_proxy,salt_pepper,easyocr,total,0.2517535999941174
handwritten_proxy,salt_pepper,ours,quality_assessment,0.003543799990438856
handwritten_proxy,salt_pepper,ours,preprocessing,0.0010689999908208847
handwritten_proxy,salt_pepper,ours,engine:tesseract,0.11618599999928847
handwritten_proxy,salt_pepper,ours,fusion,2.7999922167509794e-06
handwritten_proxy,salt_pepper,ours,total,0.12092840000696015
handwritten_proxy,skewed,tesseract,total,0.11200110000208952
handwritten_proxy,skewed,easyocr,total,0.2914435999991838
handwritten_proxy,skewed,ours,quality_assessment,0.003431699995417148
handwritten_proxy,skewed,ours,preprocessing,0.001839999997173436
handwritten_proxy,skewed,ours,engine:tesseract,0.13802790000045206
handwritten_proxy,skewed,ours,fusion,2.900007530115545e-06
handwritten_proxy,skewed,ours,total,0.14344170001277234
handwritten_proxy,low_contrast,tesseract,total,0.12428170000202954
handwritten_proxy,low_contrast,easyocr,total,0.261385000005248
handwritten_proxy,low_contrast,ours,quality_assessment,0.0027511000080266967
handwritten_proxy,low_contrast,ours,preprocessing,0.0014787999971304089
handwritten_proxy,low_contrast,ours,engine:tesseract,0.14258470000640955
handwritten_proxy,low_contrast,ours,fusion,1.300009898841381e-06
handwritten_proxy,low_contrast,ours,total,0.1469022999954177
handwritten_proxy,smudged,tesseract,total,0.10947930000838824
handwritten_proxy,smudged,easyocr,total,0.26684799999929965
handwritten_proxy,smudged,ours,quality_assessment,0.003711099998326972
handwritten_proxy,smudged,ours,preprocessing,0.002355300006456673
handwritten_proxy,smudged,ours,engine:tesseract,0.13592220000282396
handwritten_proxy,smudged,ours,fusion,2.7000060072168708e-06
handwritten_proxy,smudged,ours,total,0.14212860001134686
handwritten_proxy,jpeg_compressed,tesseract,total,0.13967869999760296
handwritten_proxy,jpeg_compressed,easyocr,total,0.3981592000054661
handwritten_proxy,jpeg_compressed,ours,quality_assessment,0.004248900004313327
handwritten_proxy,jpeg_compressed,ours,preprocessing,0.002495500011718832
handwritten_proxy,jpeg_compressed,ours,engine:tesseract,0.16779700000188313
handwritten_proxy,jpeg_compressed,ours,fusion,3.2999960239976645e-06
handwritten_proxy,jpeg_compressed,ours,total,0.17470499999762978
handwritten_proxy,combo_hard,tesseract,total,0.15593209999497049
handwritten_proxy,combo_hard,easyocr,total,0.2619599999889033
handwritten_proxy,combo_hard,ours,quality_assessment,0.004070000009960495
handwritten_proxy,combo_hard,ours,preprocessing,0.07948790000227746
handwritten_proxy,combo_hard,ours,engine:tesseract,0.13044300000183284
handwritten_proxy,combo_hard,ours,engine:easyocr,0.2576595999998972
handwritten_proxy,combo_hard,ours,fusion,0.0009110999963013455
handwritten_proxy,combo_hard,ours,total,0.4726541999989422
printed,clean,tesseract,total,0.1204715999920154
printed,clean,easyocr,total,0.36573190000490285
printed,clean,ours,quality_assessment,0.0030346999992616475
printed,clean,ours,preprocessing,0.0015501000016229227
printed,clean,ours,engine:tesseract,0.13111110001045745
printed,clean,ours,fusion,6.00004568696022e-07
printed,clean,ours,total,0.13584369998716284
printed,light_blur,tesseract,total,0.1538962999911746
printed,light_blur,easyocr,total,0.25529980000283103
printed,light_blur,ours,quality_assessment,0.0026532000047154725
printed,light_blur,ours,preprocessing,0.0014593999949283898
printed,light_blur,ours,engine:tesseract,0.13114199999836273
printed,light_blur,ours,fusion,1.4999968698248267e-06
printed,light_blur,ours,total,0.13535029999911785
printed,heavy_blur,tesseract,total,0.11233190000348259
printed,heavy_blur,easyocr,total,0.2955098999955226
printed,heavy_blur,ours,quality_assessment,0.0024240999919129536
printed,heavy_blur,ours,preprocessing,0.0016567999991821125
printed,heavy_blur,ours,engine:tesseract,0.12192669999785721
printed,heavy_blur,ours,engine:easyocr,0.39458599999488797
printed,heavy_blur,ours,fusion,0.0016789999936008826
printed,heavy_blur,ours,total,0.5224333999940427
printed,motion_blur,tesseract,total,0.12915500000235625
printed,motion_blur,easyocr,total,0.33110799999849405
printed,motion_blur,ours,quality_assessment,0.003828200002317317
printed,motion_blur,ours,preprocessing,0.0024773000041022897
printed,motion_blur,ours,engine:tesseract,0.1313501999975415
printed,motion_blur,ours,engine:easyocr,0.309827300006873
printed,motion_blur,ours,fusion,0.0007654000073671341
printed,motion_blur,ours,total,0.44835150000290014
printed,noisy,tesseract,total,0.16004200000315905
printed,noisy,easyocr,total,0.23695649999717716
printed,noisy,ours,quality_assessment,0.0034410999942338094
printed,noisy,ours,preprocessing,0.07951820000016596
printed,noisy,ours,engine:tesseract,0.1540099999983795
printed,noisy,ours,fusion,3.0999945010989904e-06
printed,noisy,ours,total,0.23712170000362676
printed,salt_pepper,tesseract,total,0.14489869998942595
printed,salt_pepper,easyocr,total,0.3026411999890115
printed,salt_pepper,ours,quality_assessment,0.005111499995109625
printed,salt_pepper,ours,preprocessing,0.0018146999937016517
printed,salt_pepper,ours,engine:tesseract,0.1330837999994401
printed,salt_pepper,ours,fusion,2.900007530115545e-06
printed,salt_pepper,ours,total,0.14016130000527482
printed,skewed,tesseract,total,0.1412523000035435
printed,skewed,easyocr,total,0.23515469999983907
printed,skewed,ours,quality_assessment,0.002637700003106147
printed,skewed,ours,preprocessing,0.001712299999780953
printed,skewed,ours,engine:tesseract,0.12046310000005178
printed,skewed,ours,fusion,1.400010660290718e-06
printed,skewed,ours,total,0.12492449999263044
printed,low_contrast,tesseract,total,0.11481650000496302
printed,low_contrast,easyocr,total,0.23948699999891687
printed,low_contrast,ours,quality_assessment,0.003805799991823733
printed,low_contrast,ours,preprocessing,0.0025055000005522743
printed,low_contrast,ours,engine:tesseract,0.12302500000805594
printed,low_contrast,ours,fusion,1.4999968698248267e-06
printed,low_contrast,ours,total,0.1294427000102587
printed,smudged,tesseract,total,0.10402960001374595
printed,smudged,easyocr,total,0.4011861000035424
printed,smudged,ours,quality_assessment,0.004009800002677366
printed,smudged,ours,preprocessing,0.002556200008257292
printed,smudged,ours,engine:tesseract,0.12974090001080185
printed,smudged,ours,fusion,3.000008291564882e-06
printed,smudged,ours,total,0.13646940000762697
printed,jpeg_compressed,tesseract,total,0.11248189999605529
printed,jpeg_compressed,easyocr,total,0.2659467999910703
printed,jpeg_compressed,ours,quality_assessment,0.002304199995705858
printed,jpeg_compressed,ours,preprocessing,0.001069099991582334
printed,jpeg_compressed,ours,engine:tesseract,0.12589610001305118
printed,jpeg_compressed,ours,fusion,1.8999999156221747e-06
printed,jpeg_compressed,ours,total,0.12936969999282155
printed,combo_hard,tesseract,total,0.10765009999158792
printed,combo_hard,easyocr,total,0.2339298000006238
printed,combo_hard,ours,quality_assessment,0.0037502000050153583
printed,combo_hard,ours,preprocessing,0.11291569999593776
printed,combo_hard,ours,engine:tesseract,0.16554850000829902
printed,combo_hard,ours,engine:easyocr,0.3535845000005793
printed,combo_hard,ours,fusion,0.001622199997655116
printed,combo_hard,ours,total,0.6375904000014998
handwritten_proxy,clean,tesseract,total,0.14278409999678843
handwritten_proxy,clean,easyocr,total,0.39140880000195466
handwritten_proxy,clean,ours,quality_assessment,0.0042643999913707376
handwritten_proxy,clean,ours,preprocessing,0.002564800000982359
handwritten_proxy,clean,ours,engine:tesseract,0.13742220000131056
handwritten_proxy,clean,ours,fusion,4.00003045797348e-07
handwritten_proxy,clean,ours,total,0.1443695000052685
handwritten_proxy,light_blur,tesseract,total,0.11724769999273121
handwritten_proxy,light_blur,easyocr,total,0.25109489999886137
handwritten_proxy,light_blur,ours,quality_assessment,0.0030110000079730526
handwritten_proxy,light_blur,ours,preprocessing,0.0013858000020263717
handwritten_proxy,light_blur,ours,engine:tesseract,0.1431849000073271
handwritten_proxy,light_blur,ours,fusion,2.7999922167509794e-06
handwritten_proxy,light_blur,ours,total,0.1477191000012681
handwritten_proxy,heavy_blur,tesseract,total,0.11047830000461545
handwritten_proxy,heavy_blur,easyocr,total,0.3936127999913879
handwritten_proxy,heavy_blur,ours,quality_assessment,0.004609900002833456
handwritten_proxy,heavy_blur,ours,preprocessing,0.0030953000095905736
handwritten_proxy,heavy_blur,ours,engine:tesseract,0.13850169999932405
handwritten_proxy,heavy_blur,ours,engine:easyocr,0.2714400000113528
handwritten_proxy,heavy_blur,ours,fusion,0.0007818000012775883
handwritten_proxy,heavy_blur,ours,total,0.41853519999131095
handwritten_proxy,motion_blur,tesseract,total,0.12700110000150744
handwritten_proxy,motion_blur,easyocr,total,0.29055049999442417
handwritten_proxy,motion_blur,ours,quality_assessment,0.002892399992560968
handwritten_proxy,motion_blur,ours,preprocessing,0.0014408999995794147
handwritten_proxy,motion_blur,ours,engine:tesseract,0.12807099999918137
handwritten_proxy,motion_blur,ours,fusion,3.00002284348011e-07
handwritten_proxy,motion_blur,ours,total,0.1324981000070693
handwritten_proxy,noisy,tesseract,total,0.11929519999830518
handwritten_proxy,noisy,easyocr,total,0.3286599999992177
handwritten_proxy,noisy,ours,quality_assessment,0.005664500000420958
handwritten_proxy,noisy,ours,preprocessing,0.1367383000033442
handwritten_proxy,noisy,ours,engine:tesseract,0.1290249000012409
handwritten_proxy,noisy,ours,fusion,2.6999914553016424e-06
handwritten_proxy,noisy,ours,total,0.2715926999953808
handwritten_proxy,salt_pepper,tesseract,total,0.11885100000654347
handwritten_proxy,salt_pepper,easyocr,total,0.25349909999931697
handwritten_proxy,salt_pepper,ours,quality_assessment,0.003572000001440756
handwritten_proxy,salt_pepper,ours,preprocessing,0.0010991000017384067
handwritten_proxy,salt_pepper,ours,engine:tesseract,0.11623520001012366
handwritten_proxy,salt_pepper,ours,fusion,2.6000052457675338e-06
handwritten_proxy,salt_pepper,ours,total,0.12104070000350475
handwritten_proxy,skewed,tesseract,total,0.12121969999861903
handwritten_proxy,skewed,easyocr,total,0.2507008999964455
handwritten_proxy,skewed,ours,quality_assessment,0.0027383999986341223
handwritten_proxy,skewed,ours,preprocessing,0.0016868999955477193
handwritten_proxy,skewed,ours,engine:tesseract,0.12390159998903982
handwritten_proxy,skewed,ours,fusion,1.2999953469261527e-06
handwritten_proxy,skewed,ours,total,0.12841360000311397
handwritten_proxy,low_contrast,tesseract,total,0.11313939999672584
handwritten_proxy,low_contrast,easyocr,total,0.38213710000854917
handwritten_proxy,low_contrast,ours,quality_assessment,0.003900800002156757
handwritten_proxy,low_contrast,ours,preprocessing,0.0025892999983625486
handwritten_proxy,low_contrast,ours,engine:tesseract,0.1176772000035271
handwritten_proxy,low_contrast,ours,fusion,2.6999914553016424e-06
handwritten_proxy,low_contrast,ours,total,0.12431620000279509
handwritten_proxy,smudged,tesseract,total,0.13327179999032523
handwritten_proxy,smudged,easyocr,total,0.36073169999872334
handwritten_proxy,smudged,ours,quality_assessment,0.00285210000583902
handwritten_proxy,smudged,ours,preprocessing,0.001368700002785772
handwritten_proxy,smudged,ours,engine:tesseract,0.13019350000831764
handwritten_proxy,smudged,ours,fusion,2.7000060072168708e-06
handwritten_proxy,smudged,ours,total,0.13455109999631532
handwritten_proxy,jpeg_compressed,tesseract,total,0.11055719999421854
handwritten_proxy,jpeg_compressed,easyocr,total,0.24462060000223573
handwritten_proxy,jpeg_compressed,ours,quality_assessment,0.0035547000006772578
handwritten_proxy,jpeg_compressed,ours,preprocessing,0.0016969999996945262
handwritten_proxy,jpeg_compressed,ours,engine:tesseract,0.13396979999379255
handwritten_proxy,jpeg_compressed,ours,fusion,2.7000060072168708e-06
handwritten_proxy,jpeg_compressed,ours,total,0.13936390000162646
handwritten_proxy,combo_hard,tesseract,total,0.10488389999954961
handwritten_proxy,combo_hard,easyocr,total,0.35917630000039935
handwritten_proxy,combo_hard,ours,quality_assessment,0.005737700004829094
handwritten_proxy,combo_hard,ours,preprocessing,0.12754619999032002
handwritten_proxy,combo_hard,ours,engine:tesseract,0.14537490000657272
handwritten_proxy,combo_hard,ours,engine:easyocr,0.241197800001828
handwritten_proxy,combo_hard,ours,fusion,0.0010860999900614843
handwritten_proxy,combo_hard,ours,total,0.5210672999965027
printed,clean,tesseract,total,0.12691430000995751
printed,clean,easyocr,total,0.256999100005487
printed,clean,ours,quality_assessment,0.0034755000087898225
printed,clean,ours,preprocessing,0.0023059999948600307
printed,clean,ours,engine:tesseract,0.13151329998800065
printed,clean,ours,fusion,7.00005330145359e-07
printed,clean,ours,total,0.13742460000503343
printed,light_blur,tesseract,total,0.11413190000166651
printed,light_blur,easyocr,total,0.39176850000512786
printed,light_blur,ours,quality_assessment,0.0039924000011524186
printed,light_blur,ours,preprocessing,0.002645100001245737
printed,light_blur,ours,engine:tesseract,0.1259031999943545
printed,light_blur,ours,fusion,2.9999937396496534e-06
printed,light_blur,ours,total,0.13268530000641476
printed,heavy_blur,tesseract,total,0.13911970000481233
printed,heavy_blur,easyocr,total,0.3539880999887828
printed,heavy_blur,ours,quality_assessment,0.002944199994090013
printed,heavy_blur,ours,preprocessing,0.0020265999919502065
printed,heavy_blur,ours,engine:tesseract,0.11552059999667108
printed,heavy_blur,ours,engine:easyocr,0.22732449999602977
printed,heavy_blur,ours,fusion,0.0008785000100033358
printed,heavy_blur,ours,total,0.3488091000035638
printed,motion_blur,tesseract,total,0.12334890000056475
printed,motion_blur,easyocr,total,0.27304390000062995
printed,motion_blur,ours,quality_assessment,0.0028885999927297235
printed,motion_blur,ours,preprocessing,0.0014608999917982146
printed,motion_blur,ours,engine:tesseract,0.14064820000203326
printed,motion_blur,ours,engine:easyocr,0.39125100000819657
printed,motion_blur,ours,fusion,0.0010674000077415258
printed,motion_blur,ours,total,0.5374302999989595
printed,noisy,tesseract,total,0.14846599999873433
printed,noisy,easyocr,total,0.2278948000021046
printed,noisy,ours,quality_assessment,0.004275300001609139
printed,noisy,ours,preprocessing,0.11173269999562763
printed,noisy,ours,engine:tesseract,0.12338540000200737
printed,noisy,ours,fusion,1.4999968698248267e-06
printed,noisy,ours,total,0.239487899991218
printed,salt_pepper,tesseract,total,0.0850951000029454
printed,salt_pepper,easyocr,total,0.224928199997521
printed,salt_pepper,ours,quality_assessment,0.004215100008877926
printed,salt_pepper,ours,preprocessing,0.0016348999924957752
printed,salt_pepper,ours,engine:tesseract,0.13982219999888912
printed,salt_pepper,ours,fusion,2.9999937396496534e-06
printed,salt_pepper,ours,total,0.14582610000798013
printed,skewed,tesseract,total,0.1503816999902483
printed,skewed,easyocr,total,0.2979804999922635
printed,skewed,ours,quality_assessment,0.0025960999919334427
printed,skewed,ours,preprocessing,0.0013002000050619245
printed,skewed,ours,engine:tesseract,0.1193943000107538
printed,skewed,ours,fusion,1.200009137392044e-06
printed,skewed,ours,total,0.12336990000039805
printed,low_contrast,tesseract,total,0.11466960000689141
printed,low_contrast,easyocr,total,0.2557654999982333
printed,low_contrast,ours,quality_assessment,0.002147999999579042
printed,low_contrast,ours,preprocessing,0.0011655999987851828
printed,low_contrast,ours,engine:tesseract,0.12834819999989122
printed,low_contrast,ours,fusion,2.800006768666208e-06
printed,low_contrast,ours,total,0.13179179999860935
printed,smudged,tesseract,total,0.12117909999506082
printed,smudged,easyocr,total,0.32852460000140127
printed,smudged,ours,quality_assessment,0.004594199999701232
printed,smudged,ours,preprocessing,0.002714699992793612
printed,smudged,ours,engine:tesseract,0.13142900000093505
printed,smudged,ours,fusion,2.7000060072168708e-06
printed,smudged,ours,total,0.1388854000106221
printed,jpeg_compressed,tesseract,total,0.11603020000620745
printed,jpeg_compressed,easyocr,total,0.38790760000119917
printed,jpeg_compressed,ours,quality_assessment,0.003966599993873388
printed,jpeg_compressed,ours,preprocessing,0.0024665000091772527
printed,jpeg_compressed,ours,engine:tesseract,0.1369877999968594
printed,jpeg_compressed,ours,fusion,2.800006768666208e-06
printed,jpeg_compressed,ours,total,0.14356060000136495
printed,combo_hard,tesseract,total,0.12659300000814255
printed,combo_hard,easyocr,total,0.2374024000018835
printed,combo_hard,ours,quality_assessment,0.003845200000796467
printed,combo_hard,ours,preprocessing,0.09580819999973755
printed,combo_hard,ours,engine:tesseract,0.12441809999290854
printed,combo_hard,ours,engine:easyocr,0.296455399991828
printed,combo_hard,ours,fusion,0.0014271999971242622
printed,combo_hard,ours,total,0.5220998000004329
handwritten_proxy,clean,tesseract,total,0.14072619999933522
handwritten_proxy,clean,easyocr,total,0.269902700005332
handwritten_proxy,clean,ours,quality_assessment,0.002509700003429316
handwritten_proxy,clean,ours,preprocessing,0.0010700999991968274
handwritten_proxy,clean,ours,engine:tesseract,0.11711710000236053
handwritten_proxy,clean,ours,fusion,5.00003807246685e-07
handwritten_proxy,clean,ours,total,0.12081599999510217
handwritten_proxy,light_blur,tesseract,total,0.12127000000327826
handwritten_proxy,light_blur,easyocr,total,0.2328925000037998
handwritten_proxy,light_blur,ours,quality_assessment,0.003406499992706813
handwritten_proxy,light_blur,ours,preprocessing,0.0016818000003695488
handwritten_proxy,light_blur,ours,engine:tesseract,0.11954179999884218
handwritten_proxy,light_blur,ours,fusion,1.6999983927235007e-06
handwritten_proxy,light_blur,ours,total,0.12472960000741296
handwritten_proxy,heavy_blur,tesseract,total,0.10550609999336302
handwritten_proxy,heavy_blur,easyocr,total,0.37405610000132583
handwritten_proxy,heavy_blur,ours,quality_assessment,0.00458410001010634
handwritten_proxy,heavy_blur,ours,preprocessing,0.003188700007740408
handwritten_proxy,heavy_blur,ours,engine:tesseract,0.1350116999965394
handwritten_proxy,heavy_blur,ours,engine:easyocr,0.3954853000032017
handwritten_proxy,heavy_blur,ours,fusion,0.00015940000594127923
handwritten_proxy,heavy_blur,ours,total,0.5385603000031551
handwritten_proxy,motion_blur,tesseract,total,0.14349139999831095
handwritten_proxy,motion_blur,easyocr,total,0.23182099999394268
handwritten_proxy,motion_blur,ours,quality_assessment,0.0025932999997166917
handwritten_proxy,motion_blur,ours,preprocessing,0.0012241999938851222
handwritten_proxy,motion_blur,ours,engine:tesseract,0.1378746999980649
handwritten_proxy,motion_blur,ours,fusion,8.00006091594696e-07
handwritten_proxy,motion_blur,ours,total,0.14182799999252893
handwritten_proxy,noisy,tesseract,total,0.108436199996504
handwritten_proxy,noisy,easyocr,total,0.23537840000062715
handwritten_proxy,noisy,ours,quality_assessment,0.00301949999993667
handwritten_proxy,noisy,ours,preprocessing,0.10454440000467002
handwritten_proxy,noisy,ours,engine:tesseract,0.15262120000261348
handwritten_proxy,noisy,ours,fusion,2.6999914553016424e-06
handwritten_proxy,noisy,ours,total,0.2603213999973377
handwritten_proxy,salt_pepper,tesseract,total,0.13273230000049807
handwritten_proxy,salt_pepper,easyocr,total,0.25807260000146925
handwritten_proxy,salt_pepper,ours,quality_assessment,0.0035324000054970384
handwritten_proxy,salt_pepper,ours,preprocessing,0.001070600003004074
handwritten_proxy,salt_pepper,ours,engine:tesseract,0.13197349999973085
handwritten_proxy,salt_pepper,ours,fusion,1.2999953469261527e-06
handwritten_proxy,salt_pepper,ours,total,0.13665649999165908
handwritten_proxy,skewed,tesseract,total,0.10283970000455156
handwritten_proxy,skewed,easyocr,total,0.25163669999164995
handwritten_proxy,skewed,ours,quality_assessment,0.0032653999951435253
handwritten_proxy,skewed,ours,preprocessing,0.001912899999297224
handwritten_proxy,skewed,ours,engine:tesseract,0.10732609999831766
handwritten_proxy,skewed,ours,fusion,2.4999899324029684e-06
handwritten_proxy,skewed,ours,total,0.11263380000309553
handwritten_proxy,low_contrast,tesseract,total,0.10747660000924952
handwritten_proxy,low_contrast,easyocr,total,0.39462429999548476
handwritten_proxy,low_contrast,ours,quality_assessment,0.003910200000973418
handwritten_proxy,low_contrast,ours,preprocessing,0.002660500002093613
handwritten_proxy,low_contrast,ours,engine:tesseract,0.12180169999192003
handwritten_proxy,low_contrast,ours,fusion,2.7000060072168708e-06
handwritten_proxy,low_contrast,ours,total,0.12852259998908266
handwritten_proxy,smudged,tesseract,total,0.11888319998979568
handwritten_proxy,smudged,easyocr,total,0.24341769999591634
handwritten_proxy,smudged,ours,quality_assessment,0.0023603000008733943
handwritten_proxy,smudged,ours,preprocessing,0.0010575999913271517
handwritten_proxy,smudged,ours,engine:tesseract,0.13649740000255406
handwritten_proxy,smudged,ours,fusion,2.6999914553016424e-06
handwritten_proxy,smudged,ours,total,0.14004129999375436
handwritten_proxy,jpeg_compressed,tesseract,total,0.11722170001303311
handwritten_proxy,jpeg_compressed,easyocr,total,0.24301679999916814
handwritten_proxy,jpeg_compressed,ours,quality_assessment,0.002773100000922568
handwritten_proxy,jpeg_compressed,ours,preprocessing,0.001345900003798306
handwritten_proxy,jpeg_compressed,ours,engine:tesseract,0.13233409999520518
handwritten_proxy,jpeg_compressed,ours,fusion,2.6999914553016424e-06
handwritten_proxy,jpeg_compressed,ours,total,0.13658079999731854
handwritten_proxy,combo_hard,tesseract,total,0.11614459998963866
handwritten_proxy,combo_hard,easyocr,total,0.34875359998841304
handwritten_proxy,combo_hard,ours,quality_assessment,0.005270699999528006
handwritten_proxy,combo_hard,ours,preprocessing,0.12562120000075083
handwritten_proxy,combo_hard,ours,engine:tesseract,0.11042740000993945
handwritten_proxy,combo_hard,ours,engine:easyocr,0.401165300005232
handwritten_proxy,combo_hard,ours,fusion,0.0001621999981580302
handwritten_proxy,combo_hard,ours,total,0.6427831000037258
printed,clean,tesseract,total,0.1326822999981232
printed,clean,easyocr,total,0.23682669999834616
printed,clean,ours,quality_assessment,0.002311300006113015
printed,clean,ours,preprocessing,0.0010633999918354675
printed,clean,ours,engine:tesseract,0.13957769999979064
printed,clean,ours,fusion,2.5999906938523054e-06
printed,clean,ours,total,0.14307570000528358
printed,light_blur,tesseract,total,0.11073789998772554
printed,light_blur,easyocr,total,0.23849340000015218
printed,light_blur,ours,quality_assessment,0.002319300008821301
printed,light_blur,ours,preprocessing,0.001203499996336177
printed,light_blur,ours,engine:tesseract,0.16180239999084733
printed,light_blur,ours,fusion,3.6999990697950125e-06
printed,light_blur,ours,total,0.16547550000541378
printed,heavy_blur,tesseract,total,0.13113069999963045
printed,heavy_blur,easyocr,total,0.26269000000320375
printed,heavy_blur,ours,quality_assessment,0.0030406999867409468
printed,heavy_blur,ours,preprocessing,0.0018813999922713265
printed,heavy_blur,ours,engine:tesseract,0.10043780000705738
printed,heavy_blur,ours,engine:easyocr,0.2362301999964984
printed,heavy_blur,ours,fusion,0.0001277999981539324
printed,heavy_blur,ours,total,0.34181540001009125
printed,motion_blur,tesseract,total,0.10998490000201855
printed,motion_blur,easyocr,total,0.2775127000059001
printed,motion_blur,ours,quality_assessment,0.002843800000846386
printed,motion_blur,ours,preprocessing,0.0014463999978033826
printed,motion_blur,ours,engine:tesseract,0.10331000000587665
printed,motion_blur,ours,engine:easyocr,0.5147274999908404
printed,motion_blur,ours,fusion,0.0015272000018740073
printed,motion_blur,ours,total,0.6239684000029229
printed,noisy,tesseract,total,0.16762000000744592
printed,noisy,easyocr,total,0.3480474999960279
printed,noisy,ours,quality_assessment,0.004853299993555993
printed,noisy,ours,preprocessing,0.1224757000018144
printed,noisy,ours,engine:tesseract,0.11436459999822546
printed,noisy,ours,fusion,1.3999961083754897e-06
printed,noisy,ours,total,0.24178110000502784
printed,salt_pepper,tesseract,total,0.08261599999968894
printed,salt_pepper,easyocr,total,0.2679355000000214
printed,salt_pepper,ours,quality_assessment,0.0033986999915214255
printed,salt_pepper,ours,preprocessing,0.0012611999991349876
printed,salt_pepper,ours,engine:tesseract,0.13157820000196807
printed,salt_pepper,ours,fusion,2.6999914553016424e-06
printed,salt_pepper,ours,total,0.13636530000076164
printed,skewed,tesseract,total,0.12416360000497662
printed,skewed,easyocr,total,0.33655609999550506
printed,skewed,ours,quality_assessment,0.0038552999903913587
printed,skewed,ours,preprocessing,0.0028184999973746017
printed,skewed,ours,engine:tesseract,0.13095500000054017
printed,skewed,ours,fusion,1.8999999156221747e-06
printed,skewed,ours,total,0.13774679999914952
printed,low_contrast,tesseract,total,0.09747240001161117
printed,low_contrast,easyocr,total,0.22893530000874307
printed,low_contrast,ours,quality_assessment,0.0022757000115234405
printed,low_contrast,ours,preprocessing,0.0012040000001434237
printed,low_contrast,ours,engine:tesseract,0.13750440000148956
printed,low_contrast,ours,fusion,2.900007530115545e-06
printed,low_contrast,ours,total,0.14111789999878965
printed,smudged,tesseract,total,0.10374920000322163
printed,smudged,easyocr,total,0.22683020000113174
printed,smudged,ours,quality_assessment,0.002499299996998161
printed,smudged,ours,preprocessing,0.001261999990674667
printed,smudged,ours,engine:tesseract,0.10833660000935197
printed,smudged,ours,fusion,2.4999899324029684e-06
printed,smudged,ours,total,0.11222470000211615
printed,jpeg_compressed,tesseract,total,0.13401179999345914
printed,jpeg_compressed,easyocr,total,0.3087307999958284
printed,jpeg_compressed,ours,quality_assessment,0.0036647999950218946
printed,jpeg_compressed,ours,preprocessing,0.002399899996817112
printed,jpeg_compressed,ours,engine:tesseract,0.14116590000048745
printed,jpeg_compressed,ours,fusion,1.200009137392044e-06
printed,jpeg_compressed,ours,total,0.14731990000291262
printed,combo_hard,tesseract,total,0.11114459999953397
printed,combo_hard,easyocr,total,0.22715079999761656
printed,combo_hard,ours,quality_assessment,0.004067099987878464
printed,combo_hard,ours,preprocessing,0.08595539999078028
printed,combo_hard,ours,engine:tesseract,0.1261516000085976
printed,combo_hard,ours,engine:easyocr,0.26889720000326633
printed,combo_hard,ours,fusion,0.00042270000267308205
printed,combo_hard,ours,total,0.48559550000936724
handwritten_proxy,clean,tesseract,total,0.13005529998918064
handwritten_proxy,clean,easyocr,total,0.3573952000006102
handwritten_proxy,clean,ours,quality_assessment,0.004143900005146861
handwritten_proxy,clean,ours,preprocessing,0.002466600009938702
handwritten_proxy,clean,ours,engine:tesseract,0.1372494000097504
handwritten_proxy,clean,ours,fusion,6.00004568696022e-07
handwritten_proxy,clean,ours,total,0.14400339999701828
handwritten_proxy,light_blur,tesseract,total,0.12737590000324417
handwritten_proxy,light_blur,easyocr,total,0.3703447000007145
handwritten_proxy,light_blur,ours,quality_assessment,0.004091099996003322
handwritten_proxy,light_blur,ours,preprocessing,0.0023883999965619296
handwritten_proxy,light_blur,ours,engine:tesseract,0.14448459999402985
handwritten_proxy,light_blur,ours,fusion,1.2999953469261527e-06
handwritten_proxy,light_blur,ours,total,0.15105620000394993
handwritten_proxy,heavy_blur,tesseract,total,0.10842439999396447
handwritten_proxy,heavy_blur,easyocr,total,0.23155110000516288
handwritten_proxy,heavy_blur,ours,quality_assessment,0.0032324999920092523
handwritten_proxy,heavy_blur,ours,preprocessing,0.0018517999997129664
handwritten_proxy,heavy_blur,ours,engine:tesseract,0.14575080000213347
handwritten_proxy,heavy_blur,ours,engine:easyocr,0.3106343000108609
handwritten_proxy,heavy_blur,ours,fusion,0.0011291000118944794
handwritten_proxy,heavy_blur,ours,total,0.4627023999928497
handwritten_proxy,motion_blur,tesseract,total,0.142474400010542
handwritten_proxy,motion_blur,easyocr,total,0.310508700000355
handwritten_proxy,motion_blur,ours,quality_assessment,0.0030833999917376786
handwritten_proxy,motion_blur,ours,preprocessing,0.0014396000042324886
handwritten_proxy,motion_blur,ours,engine:tesseract,0.13187139999354258
handwritten_proxy,motion_blur,ours,fusion,3.00002284348011e-07
handwritten_proxy,motion_blur,ours,total,0.13648319999629166
handwritten_proxy,noisy,tesseract,total,0.12818020000122488
handwritten_proxy,noisy,easyocr,total,0.24468340000021271
handwritten_proxy,noisy,ours,quality_assessment,0.003402700007427484
handwritten_proxy,noisy,ours,preprocessing,0.08437869999033865
handwritten_proxy,noisy,ours,engine:tesseract,0.10827259998768568
handwritten_proxy,noisy,ours,fusion,1.400010660290718e-06
handwritten_proxy,noisy,ours,total,0.19615020000492223
handwritten_proxy,salt_pepper,tesseract,total,0.11891879999893717
handwritten_proxy,salt_pepper,easyocr,total,0.35251290000451263
handwritten_proxy,salt_pepper,ours,quality_assessment,0.005351799991331063
handwritten_proxy,salt_pepper,ours,preprocessing,0.0024332000029971823
handwritten_proxy,salt_pepper,ours,engine:tesseract,0.14656850000028498
handwritten_proxy,salt_pepper,ours,fusion,2.9999937396496534e-06
handwritten_proxy,salt_pepper,ours,total,0.1545025999948848
handwritten_proxy,skewed,tesseract,total,0.1578363000007812
handwritten_proxy,skewed,easyocr,total,0.25297930001397617
handwritten_proxy,skewed,ours,quality_assessment,0.0024068000057013705
handwritten_proxy,skewed,ours,preprocessing,0.0010633000056259334
handwritten_proxy,skewed,ours,engine:tesseract,0.12854890000016894
handwritten_proxy,skewed,ours,fusion,2.6000052457675338e-06
handwritten_proxy,skewed,ours,total,0.13214309999602847
handwritten_proxy,low_contrast,tesseract,total,0.11527750000823289
handwritten_proxy,low_contrast,easyocr,total,0.22725459998764563
handwritten_proxy,low_contrast,ours,quality_assessment,0.0031691000040154904
handwritten_proxy,low_contrast,ours,preprocessing,0.002499599999282509
handwritten_proxy,low_contrast,ours,engine:tesseract,0.10072630000649951
handwritten_proxy,low_contrast,ours,fusion,3.1999952625483274e-06
handwritten_proxy,low_contrast,ours,total,0.10654660000000149
handwritten_proxy,smudged,tesseract,total,0.1518417000042973
handwritten_proxy,smudged,easyocr,total,0.3315417999983765
handwritten_proxy,smudged,ours,quality_assessment,0.0024994000123115256
handwritten_proxy,smudged,ours,preprocessing,0.001108099997509271
handwritten_proxy,smudged,ours,engine:tesseract,0.12361879998934455
handwritten_proxy,smudged,ours,fusion,1.8999999156221747e-06
handwritten_proxy,smudged,ours,total,0.1273230000078911
handwritten_proxy,jpeg_compressed,tesseract,total,0.12062549999973271
handwritten_proxy,jpeg_compressed,easyocr,total,0.2314947000122629
handwritten_proxy,jpeg_compressed,ours,quality_assessment,0.002366400003666058
handwritten_proxy,jpeg_compressed,ours,preprocessing,0.001022299999021925
handwritten_proxy,jpeg_compressed,ours,engine:tesseract,0.1380907999991905
handwritten_proxy,jpeg_compressed,ours,fusion,2.5999906938523054e-06
handwritten_proxy,jpeg_compressed,ours,total,0.14161360000434797
handwritten_proxy,combo_hard,tesseract,total,0.10423260000243317
handwritten_proxy,combo_hard,easyocr,total,0.22017380000033882
handwritten_proxy,combo_hard,ours,quality_assessment,0.004841300004045479
handwritten_proxy,combo_hard,ours,preprocessing,0.12959729999420233
handwritten_proxy,combo_hard,ours,engine:tesseract,0.16157739999471232
handwritten_proxy,combo_hard,ours,engine:easyocr,0.2629473999986658
handwritten_proxy,combo_hard,ours,fusion,0.0001244000013684854
handwritten_proxy,combo_hard,ours,total,0.5591982000041753
printed,clean,tesseract,total,0.11417319999600295
printed,clean,easyocr,total,0.23688430000038352
printed,clean,ours,quality_assessment,0.0025253000058000907
printed,clean,ours,preprocessing,0.0012799999967683107
printed,clean,ours,engine:tesseract,0.11631530000886414
printed,clean,ours,fusion,5.00003807246685e-07
printed,clean,ours,total,0.12024770000425633
printed,light_blur,tesseract,total,0.11522979999426752
printed,light_blur,easyocr,total,0.27678179999929853
printed,light_blur,ours,quality_assessment,0.0025747000036062673
printed,light_blur,ours,preprocessing,0.0015877999976510182
printed,light_blur,ours,engine:tesseract,0.10780019999947399
printed,light_blur,ours,fusion,2.7999922167509794e-06
printed,light_blur,ours,total,0.11209999999846332
printed,heavy_blur,tesseract,total,0.15033669999684207
printed,heavy_blur,easyocr,total,0.4214219999994384
printed,heavy_blur,ours,quality_assessment,0.003370199992787093
printed,heavy_blur,ours,preprocessing,0.0018721000087680295
printed,heavy_blur,ours,engine:tesseract,0.14203779998933896
printed,heavy_blur,ours,engine:easyocr,0.34582200000295416
printed,heavy_blur,ours,fusion,0.001441300002625212
printed,heavy_blur,ours,total,0.4946664999879431
printed,motion_blur,tesseract,total,0.1327521000057459
printed,motion_blur,easyocr,total,0.28896309999981895
printed,motion_blur,ours,quality_assessment,0.0029603000002680346
printed,motion_blur,ours,preprocessing,0.0015227000112645328
printed,motion_blur,ours,engine:tesseract,0.1154755000025034
printed,motion_blur,ours,engine:easyocr,0.3320225999923423
printed,motion_blur,ours,fusion,0.0012821999989682809
printed,motion_blur,ours,total,0.4534374999930151
printed,noisy,tesseract,total,0.16644439999072347
printed,noisy,easyocr,total,0.3124477000092156
printed,noisy,ours,quality_assessment,0.004491300001973286
printed,noisy,ours,preprocessing,0.10302420001244172
printed,noisy,ours,engine:tesseract,0.1137384000030579
printed,noisy,ours,fusion,1.300009898841381e-06
printed,noisy,ours,total,0.22135659999912605
printed,salt_pepper,tesseract,total,0.08414360000460874
printed,salt_pepper,easyocr,total,0.252475700006471
printed,salt_pepper,ours,quality_assessment,0.003912900006980635
printed,salt_pepper,ours,preprocessing,0.00137420000100974
printed,salt_pepper,ours,engine:tesseract,0.13015889999223873
printed,salt_pepper,ours,fusion,1.8999999156221747e-06
printed,salt_pepper,ours,total,0.13554809999186546
printed,skewed,tesseract,total,0.10090940000372939
printed,skewed,easyocr,total,0.37097910000011325
printed,skewed,ours,quality_assessment,0.0032444999960716814
printed,skewed,ours,preprocessing,0.0017736000008881092
printed,skewed,ours,engine:tesseract,0.1343336999998428
printed,skewed,ours,fusion,2.900007530115545e-06
printed,skewed,ours,total,0.13955979999445844
printed,low_contrast,tesseract,total,0.1600557000056142
printed,low_contrast,easyocr,total,0.3518670000048587
printed,low_contrast,ours,quality_assessment,0.0038222000002861023
printed,low_contrast,ours,preprocessing,0.0023314999998547137
printed,low_contrast,ours,engine:tesseract,0.11535799999546725
printed,low_contrast,ours,fusion,2.0000006770715117e-06
printed,low_contrast,ours,total,0.12162710000120569
printed,smudged,tesseract,total,0.10904560000926722
printed,smudged,easyocr,total,0.2543681999959517
printed,smudged,ours,quality_assessment,0.003712899997481145
printed,smudged,ours,preprocessing,0.0023604000016348436
printed,smudged,ours,engine:tesseract,0.11895439999352675
printed,smudged,ours,fusion,1.3999961083754897e-06
printed,smudged,ours,total,0.1251209000038216
printed,jpeg_compressed,tesseract,total,0.11671740000019781
printed,jpeg_compressed,easyocr,total,0.366788400002406
printed,jpeg_compressed,ours,quality_assessment,0.002989999993587844
printed,jpeg_compressed,ours,preprocessing,0.0018522000027587637
printed,jpeg_compressed,ours,engine:tesseract,0.13603059999877587
printed,jpeg_compressed,ours,fusion,2.900007530115545e-06
printed,jpeg_compressed,ours,total,0.1410155999910785
printed,combo_hard,tesseract,total,0.1290525000076741
printed,combo_hard,easyocr,total,0.24152440000034403
printed,combo_hard,ours,quality_assessment,0.004356999997980893
printed,combo_hard,ours,preprocessing,0.09168110000609886
printed,combo_hard,ours,engine:tesseract,0.09982129999843892
printed,combo_hard,ours,engine:easyocr,0.2507389999955194
printed,combo_hard,ours,fusion,0.0006315999926300719
printed,combo_hard,ours,total,0.44732890000159387
handwritten_proxy,clean,tesseract,total,0.13953240000410005
handwritten_proxy,clean,easyocr,total,0.3807459000090603
handwritten_proxy,clean,ours,quality_assessment,0.0040926999936345965
handwritten_proxy,clean,ours,preprocessing,0.0024883000005502254
handwritten_proxy,clean,ours,engine:tesseract,0.13122279998788144
handwritten_proxy,clean,ours,fusion,6.00004568696022e-07
handwritten_proxy,clean,ours,total,0.13794339999731164
handwritten_proxy,light_blur,tesseract,total,0.11903079999319743
handwritten_proxy,light_blur,easyocr,total,0.2625246999959927
handwritten_proxy,light_blur,ours,quality_assessment,0.0028270000038901344
handwritten_proxy,light_blur,ours,preprocessing,0.0013163000112399459
handwritten_proxy,light_blur,ours,engine:tesseract,0.14438670000527054
handwritten_proxy,light_blur,ours,fusion,1.4999968698248267e-06
handwritten_proxy,light_blur,ours,total,0.14861580000433605
handwritten_proxy,heavy_blur,tesseract,total,0.10635519999777898
handwritten_proxy,heavy_blur,easyocr,total,0.25734120000561234
handwritten_proxy,heavy_blur,ours,quality_assessment,0.003935999993700534
handwritten_proxy,heavy_blur,ours,preprocessing,0.001820899997255765
handwritten_proxy,heavy_blur,ours,engine:tesseract,0.15025749999040272
handwritten_proxy,heavy_blur,ours,engine:easyocr,0.2937214999983553
handwritten_proxy,heavy_blur,ours,fusion,0.001367700009723194
handwritten_proxy,heavy_blur,ours,total,0.45125269998970907
handwritten_proxy,motion_blur,tesseract,total,0.1550920000008773
handwritten_proxy,motion_blur,easyocr,total,0.430680300007225
handwritten_proxy,motion_blur,ours,quality_assessment,0.0038333999982569367
handwritten_proxy,motion_blur,ours,preprocessing,0.00208760000532493
handwritten_proxy,motion_blur,ours,engine:tesseract,0.16570420000061858
handwritten_proxy,motion_blur,ours,engine:easyocr,0.3288347000052454
handwritten_proxy,motion_blur,ours,fusion,0.0017139999981736764
handwritten_proxy,motion_blur,ours,total,0.5023208000056911
handwritten_proxy,noisy,tesseract,total,0.13717000000178814
handwritten_proxy,noisy,easyocr,total,0.25819870000123046
handwritten_proxy,noisy,ours,quality_assessment,0.003727000002982095
handwritten_proxy,noisy,ours,preprocessing,0.08573150000302121
handwritten_proxy,noisy,ours,engine:tesseract,0.12312879999808501
handwritten_proxy,noisy,ours,fusion,1.4999968698248267e-06
handwritten_proxy,noisy,ours,total,0.2126780999969924
handwritten_proxy,salt_pepper,tesseract,total,0.09494290000293404
handwritten_proxy,salt_pepper,easyocr,total,0.3825958000088576
handwritten_proxy,salt_pepper,ours,quality_assessment,0.005240999991656281
handwritten_proxy,salt_pepper,ours,preprocessing,0.0024268999986816198
handwritten_proxy,salt_pepper,ours,engine:tesseract,0.13444100000197068
handwritten_proxy,salt_pepper,ours,fusion,1.2999953469261527e-06
handwritten_proxy,salt_pepper,ours,total,0.14220049999130424
handwritten_proxy,skewed,tesseract,total,0.11041959999420214
handwritten_proxy,skewed,easyocr,total,0.22231189999729395
handwritten_proxy,skewed,ours,quality_assessment,0.0024323999969055876
handwritten_proxy,skewed,ours,preprocessing,0.001080499991076067
handwritten_proxy,skewed,ours,engine:tesseract,0.12969600000360515
handwritten_proxy,skewed,ours,fusion,1.3999961083754897e-06
handwritten_proxy,skewed,ours,total,0.13329360001080204
handwritten_proxy,low_contrast,tesseract,total,0.11514389999501873
handwritten_proxy,low_contrast,easyocr,total,0.23077599999669474
handwritten_proxy,low_contrast,ours,quality_assessment,0.0023925999994389713
handwritten_proxy,low_contrast,ours,preprocessing,0.0012006999895675108
handwritten_proxy,low_contrast,ours,engine:tesseract,0.16257739999855403
handwritten_proxy,low_contrast,ours,fusion,2.8999929782003164e-06
handwritten_proxy,low_contrast,ours,total,0.16632999999274034
handwritten_proxy,smudged,tesseract,total,0.1574276000028476
handwritten_proxy,smudged,easyocr,total,0.3988616999995429
handwritten_proxy,smudged,ours,quality_assessment,0.0032014000025810674
handwritten_proxy,smudged,ours,preprocessing,0.0014987000031396747
handwritten_proxy,smudged,ours,engine:tesseract,0.13009360000432935
handwritten_proxy,smudged,ours,fusion,2.8999929782003164e-06
handwritten_proxy,smudged,ours,total,0.13492939999559894
handwritten_proxy,jpeg_compressed,tesseract,total,0.1268055000109598
handwritten_proxy,jpeg_compressed,easyocr,total,0.26403609999397304
handwritten_proxy,jpeg_compressed,ours,quality_assessment,0.0037253000045893714
handwritten_proxy,jpeg_compressed,ours,preprocessing,0.0023145999875850976
handwritten_proxy,jpeg_compressed,ours,engine:tesseract,0.12069720000727102
handwritten_proxy,jpeg_compressed,ours,fusion,1.3999961083754897e-06
handwritten_proxy,jpeg_compressed,ours,total,0.1268294000037713
handwritten_proxy,combo_hard,tesseract,total,0.11081560001184698
handwritten_proxy,combo_hard,easyocr,total,0.26667519999318756
handwritten_proxy,combo_hard,ours,quality_assessment,0.004262500006007031
handwritten_proxy,combo_hard,ours,preprocessing,0.1352069999993546
handwritten_proxy,combo_hard,ours,engine:tesseract,0.12979700000141747
handwritten_proxy,combo_hard,ours,engine:easyocr,0.2677731000003405
handwritten_proxy,combo_hard,ours,fusion,0.000721100004739128
handwritten_proxy,combo_hard,ours,total,0.5378685000032419
printed,clean,tesseract,total,0.1201195000030566
printed,clean,easyocr,total,0.2628926000033971
printed,clean,ours,quality_assessment,0.002510999998776242
printed,clean,ours,preprocessing,0.0012819999974453822
printed,clean,ours,engine:tesseract,0.1010900999972364
printed,clean,ours,fusion,4.999892553314567e-07
printed,clean,ours,total,0.10500499999034218
printed,light_blur,tesseract,total,0.12697149999439716
printed,light_blur,easyocr,total,0.24315829999977723
printed,light_blur,ours,quality_assessment,0.0023717000003671274
printed,light_blur,ours,preprocessing,0.0012067000061506405
printed,light_blur,ours,engine:tesseract,0.15464169999177102
printed,light_blur,ours,fusion,3.1999952625483274e-06
printed,light_blur,ours,total,0.15837170000304468
printed,heavy_blur,tesseract,total,0.14591310000105295
printed,heavy_blur,easyocr,total,0.28462320000107866
printed,heavy_blur,ours,quality_assessment,0.004250099998898804
printed,heavy_blur,ours,preprocessing,0.002048299997113645
printed,heavy_blur,ours,engine:tesseract,0.13697980000870302
printed,heavy_blur,ours,engine:easyocr,0.24703610000142362
printed,heavy_blur,ours,fusion,0.0008913000056054443
printed,heavy_blur,ours,total,0.3913202999974601
printed,motion_blur,tesseract,total,0.11313870000594761
printed,motion_blur,easyocr,total,0.3008198000025004
printed,motion_blur,ours,quality_assessment,0.002781699993647635
printed,motion_blur,ours,preprocessing,0.0014530000044032931
printed,motion_blur,ours,engine:tesseract,0.1084813000052236
printed,motion_blur,ours,engine:easyocr,0.2868856999994023
printed,motion_blur,ours,fusion,0.0012254999892320484
printed,motion_blur,ours,total,0.4009397999907378
printed,noisy,tesseract,total,0.16965919999347534
printed,noisy,easyocr,total,0.2918350999971153
printed,noisy,ours,quality_assessment,0.0036321000079624355
printed,noisy,ours,preprocessing,0.12676870000723284
printed,noisy,ours,engine:tesseract,0.15600410000479314
printed,noisy,ours,fusion,1.8999999156221747e-06
printed,noisy,ours,total,0.2865198999934364
printed,salt_pepper,tesseract,total,0.1270609999919543
printed,salt_pepper,easyocr,total,0.24844750000920612
printed,salt_pepper,ours,quality_assessment,0.005422499991254881
printed,salt_pepper,ours,preprocessing,0.0023610000062035397
printed,salt_pepper,ours,engine:tesseract,0.10244509999756701
printed,salt_pepper,ours,fusion,2.6999914553016424e-06
printed,salt_pepper,ours,total,0.1103612000006251
printed,skewed,tesseract,total,0.09954840000136755
printed,skewed,easyocr,total,0.2353131999989273
printed,skewed,ours,quality_assessment,0.0025634000048739836
printed,skewed,ours,preprocessing,0.0012891999940620735
printed,skewed,ours,engine:tesseract,0.12391990001196973
printed,skewed,ours,fusion,2.900007530115545e-06
printed,skewed,ours,total,0.12790300000051502
printed,low_contrast,tesseract,total,0.15604590000293683
printed,low_contrast,easyocr,total,0.3045256000041263
printed,low_contrast,ours,quality_assessment,0.002783499992801808
printed,low_contrast,ours,preprocessing,0.0015518000000156462
printed,low_contrast,ours,engine:tesseract,0.1305136000009952
printed,low_contrast,ours,fusion,2.7000060072168708e-06
printed,low_contrast,ours,total,0.13498509999772068
printed,smudged,tesseract,total,0.11309349999646656
printed,smudged,easyocr,total,0.2392002999986289
printed,smudged,ours,quality_assessment,0.0021770000021206215
printed,smudged,ours,preprocessing,0.0010069999989354983
printed,smudged,ours,engine:tesseract,0.12153729998681229
printed,smudged,ours,fusion,1.6999983927235007e-06
printed,smudged,ours,total,0.12482010001258459
printed,jpeg_compressed,tesseract,total,0.11783099999593105
printed,jpeg_compressed,easyocr,total,0.3534351999987848
printed,jpeg_compressed,ours,quality_assessment,0.0039188000082504
printed,jpeg_compressed,ours,preprocessing,0.002474599998095073
printed,jpeg_compressed,ours,engine:tesseract,0.13058579999778885
printed,jpeg_compressed,ours,fusion,2.900007530115545e-06
printed,jpeg_compressed,ours,total,0.137121500010835
printed,combo_hard,tesseract,total,0.15556220000144094
printed,combo_hard,easyocr,total,0.37040470000647474
printed,combo_hard,ours,quality_assessment,0.005695100000593811
printed,combo_hard,ours,preprocessing,0.1306414999999106
printed,combo_hard,ours,engine:tesseract,0.10898869999800809
printed,combo_hard,ours,engine:easyocr,0.24795889999950305
printed,combo_hard,ours,fusion,0.00013590000162366778
printed,combo_hard,ours,total,0.49353720000362955
handwritten_proxy,clean,tesseract,total,0.13060780000523664
handwritten_proxy,clean,easyocr,total,0.23947210000187624
handwritten_proxy,clean,ours,quality_assessment,0.002378399993176572
handwritten_proxy,clean,ours,preprocessing,0.0010570000013103709
handwritten_proxy,clean,ours,engine:tesseract,0.13950219999242108
handwritten_proxy,clean,ours,fusion,2.8999929782003164e-06
handwritten_proxy,clean,ours,total,0.14307829999597743
handwritten_proxy,light_blur,tesseract,total,0.1733202000032179
handwritten_proxy,light_blur,easyocr,total,0.2894592999946326
handwritten_proxy,light_blur,ours,quality_assessment,0.002525399992009625
handwritten_proxy,light_blur,ours,preprocessing,0.0010864999931072816
handwritten_proxy,light_blur,ours,engine:tesseract,0.10695899999700487
handwritten_proxy,light_blur,ours,fusion,2.6999914553016424e-06
handwritten_proxy,light_blur,ours,total,0.1107038000045577
handwritten_proxy,heavy_blur,tesseract,total,0.11337370000546798
handwritten_proxy,heavy_blur,easyocr,total,0.23349130000860896
handwritten_proxy,heavy_blur,ours,quality_assessment,0.004248199998983182
handwritten_proxy,heavy_blur,ours,preprocessing,0.0028218000079505146
handwritten_proxy,heavy_blur,ours,engine:tesseract,0.14266409999981988
handwritten_proxy,heavy_blur,ours,engine:easyocr,0.26651070000662
handwritten_proxy,heavy_blur,ours,fusion,0.0014452999894274399
handwritten_proxy,heavy_blur,ours,total,0.41781600000103936
handwritten_proxy,motion_blur,tesseract,total,0.1446393999940483
handwritten_proxy,motion_blur,easyocr,total,0.49333779999869876
handwritten_proxy,motion_blur,ours,quality_assessment,0.002852199992048554
handwritten_proxy,motion_blur,ours,preprocessing,0.001279499992961064
handwritten_proxy,motion_blur,ours,engine:tesseract,0.1229577999911271
handwritten_proxy,motion_blur,ours,fusion,6.00004568696022e-07
handwritten_proxy,motion_blur,ours,total,0.1272309000050882
handwritten_proxy,noisy,tesseract,total,0.12833170000521932
handwritten_proxy,noisy,easyocr,total,0.22383990000525955
handwritten_proxy,noisy,ours,quality_assessment,0.0031878999870968983
handwritten_proxy,noisy,ours,preprocessing,0.07866169999761041
handwritten_proxy,noisy,ours,engine:tesseract,0.13059900001098868
handwritten_proxy,noisy,ours,fusion,1.500011421740055e-06
handwritten_proxy,noisy,ours,total,0.21254220000992063
handwritten_proxy,salt_pepper,tesseract,total,0.08971130001009442
handwritten_proxy,salt_pepper,easyocr,total,0.24183750001247972
handwritten_proxy,salt_pepper,ours,quality_assessment,0.0037822000012965873
handwritten_proxy,salt_pepper,ours,preprocessing,0.001032799991662614
handwritten_proxy,salt_pepper,ours,engine:tesseract,0.15013660000113305
handwritten_proxy,salt_pepper,ours,fusion,3.1999952625483274e-06
handwritten_proxy,salt_pepper,ours,total,0.1551021000050241
handwritten_proxy,skewed,tesseract,total,0.13113270000030752
handwritten_proxy,skewed,easyocr,total,0.3924184000061359
handwritten_proxy,skewed,ours,quality_assessment,0.0040920999890659004
handwritten_proxy,skewed,ours,preprocessing,0.002825000003213063
handwritten_proxy,skewed,ours,engine:tesseract,0.1354008999915095
handwritten_proxy,skewed,ours,fusion,2.8999929782003164e-06
handwritten_proxy,skewed,ours,total,0.14247229999455158
handwritten_proxy,low_contrast,tesseract,total,0.12873450000188313
handwritten_proxy,low_contrast,easyocr,total,0.25132440000015777
handwritten_proxy,low_contrast,ours,quality_assessment,0.0023597999970661476
handwritten_proxy,low_contrast,ours,preprocessing,0.0012131999974371865
handwritten_proxy,low_contrast,ours,engine:tesseract,0.13064819999272004
handwritten_proxy,low_contrast,ours,fusion,2.8999929782003164e-06
handwritten_proxy,low_contrast,ours,total,0.13436530000763014
handwritten_proxy,smudged,tesseract,total,0.11654189998807851
handwritten_proxy,smudged,easyocr,total,0.23680509999394417
handwritten_proxy,smudged,ours,quality_assessment,0.002630299990414642
handwritten_proxy,smudged,ours,preprocessing,0.0012527999933809042
handwritten_proxy,smudged,ours,engine:tesseract,0.1417010000004666
handwritten_proxy,smudged,ours,fusion,2.800006768666208e-06
handwritten_proxy,smudged,ours,total,0.14573020000534598
handwritten_proxy,jpeg_compressed,tesseract,total,0.16154010000173002
handwritten_proxy,jpeg_compressed,easyocr,total,0.2727298000099836
handwritten_proxy,jpeg_compressed,ours,quality_assessment,0.0024330000014742836
handwritten_proxy,jpeg_compressed,ours,preprocessing,0.0010935000027529895
handwritten_proxy,jpeg_compressed,ours,engine:tesseract,0.13631890001124702
handwritten_proxy,jpeg_compressed,ours,fusion,2.6000052457675338e-06
handwritten_proxy,jpeg_compressed,ours,total,0.13997970000491478
handwritten_proxy,combo_hard,tesseract,total,0.11431490001268685
handwritten_proxy,combo_hard,easyocr,total,0.22942049999255687
handwritten_proxy,combo_hard,ours,quality_assessment,0.003296700000646524
handwritten_proxy,combo_hard,ours,preprocessing,0.08799209998687729
handwritten_proxy,combo_hard,ours,engine:tesseract,0.12492210000345949
handwritten_proxy,combo_hard,ours,engine:easyocr,0.33621719999064226
handwritten_proxy,combo_hard,ours,fusion,0.0014248999941628426
handwritten_proxy,combo_hard,ours,total,0.5539927000063471
