style,preset,system,cer,wer,latency_sec,peak_memory_bytes
printed,clean,tesseract,0.0,0.0,0.11051969999971334,475184
printed,clean,easyocr,0.0,0.0,0.25495619999128394,3329384
printed,clean,ours,0.0,0.0,0.11002900000312366,2103830
printed,light_blur,tesseract,0.0,0.0,0.11174799999571405,86649
printed,light_blur,easyocr,0.0,0.0,0.22193139999581035,3329112
printed,light_blur,ours,0.0,0.0,0.3428182000061497,3585638
printed,heavy_blur,tesseract,0.0,0.0,0.13325919999624602,86513
printed,heavy_blur,easyocr,0.11764705882352941,0.6666666666666666,0.22455149999586865,3328968
printed,heavy_blur,ours,0.0,0.0,0.35403230000520125,3585174
printed,motion_blur,tesseract,0.23529411764705882,1.0,0.1387893999926746,86441
printed,motion_blur,easyocr,0.7058823529411765,1.0,0.25250279999454506,3328968
printed,motion_blur,ours,0.4117647058823529,1.0,0.3909411999920849,3585435
printed,noisy,tesseract,0.0,0.0,0.12847440000041388,151930
printed,noisy,easyocr,0.0,0.0,0.2438174999988405,3328968
printed,noisy,ours,0.0,0.0,0.45281480000994634,3584457
printed,salt_pepper,tesseract,1.0,1.0,0.11964809999335557,86345
printed,salt_pepper,easyocr,0.11764705882352941,1.0,0.24072629999136552,3328968
printed,salt_pepper,ours,0.058823529411764705,0.3333333333333333,0.1171533000015188,2103740
printed,skewed,tesseract,0.058823529411764705,0.3333333333333333,0.12075539999932516,86169
printed,skewed,easyocr,0.5882352941176471,0.6666666666666666,0.28169860001071356,3328968
printed,skewed,ours,0.0,0.0,0.39271430000371765,3585378
printed,low_contrast,tesseract,0.0,0.0,0.11555860000953544,86225
printed,low_contrast,easyocr,0.0,0.0,0.23232979999738745,3328968
printed,low_contrast,ours,0.0,0.0,0.12718039999890607,2103740
printed,smudged,tesseract,0.0,0.0,0.11284239999076817,86049
printed,smudged,easyocr,0.0,0.0,0.3109905999881448,3328968
printed,smudged,ours,0.0,0.0,0.11531170000671409,2103740
printed,jpeg_compressed,tesseract,0.0,0.0,0.12848440000379924,86001
printed,jpeg_compressed,easyocr,0.0,0.0,0.2313670000003185,3328968
printed,jpeg_compressed,ours,0.0,0.0,0.13035870000021532,2103740
printed,combo_hard,tesseract,0.0,0.0,0.11046280000300612,151554
printed,combo_hard,easyocr,0.0,0.0,0.21812460001092404,3328968
printed,combo_hard,ours,0.23529411764705882,0.6666666666666666,0.5738038000126835,3584770
handwritten_proxy,clean,tesseract,0.0,0.0,0.1349259999988135,85881
handwritten_proxy,clean,easyocr,0.058823529411764705,0.3333333333333333,0.26702369999838993,3328968
handwritten_proxy,clean,ours,0.0,0.0,0.1218040999956429,2103740
handwritten_proxy,light_blur,tesseract,0.0,0.0,0.10447199999180157,85841
handwritten_proxy,light_blur,easyocr,0.058823529411764705,0.3333333333333333,0.23764810001011938,3328968
handwritten_proxy,light_blur,ours,0.0,0.0,0.12284870000439696,2103740
handwritten_proxy,heavy_blur,tesseract,0.0,0.0,0.1323915999964811,85809
handwritten_proxy,heavy_blur,easyocr,0.11764705882352941,0.6666666666666666,0.31739729999389965,3328968
handwritten_proxy,heavy_blur,ours,0.0,0.0,0.4712298000085866,3584530
handwritten_proxy,motion_blur,tesseract,0.17647058823529413,0.3333333333333333,0.10743800000636838,85801
handwritten_proxy,motion_blur,easyocr,0.47058823529411764,1.0,0.22369030000118073,3328968
handwritten_proxy,motion_blur,ours,0.17647058823529413,0.3333333333333333,0.1296608999982709,2103740
handwritten_proxy,noisy,tesseract,0.0,0.0,0.10934139999153558,151402
handwritten_proxy,noisy,easyocr,0.058823529411764705,0.3333333333333333,0.24228279999806546,3328968
handwritten_proxy,noisy,ours,0.0,0.0,0.2538827999960631,2103740
handwritten_proxy,salt_pepper,tesseract,1.0,1.0,0.12059690000023693,85801
handwritten_proxy,salt_pepper,easyocr,0.11764705882352941,1.0,0.3430277000006754,3328968
handwritten_proxy,salt_pepper,ours,0.0,0.0,0.12754659999336582,2103740
handwritten_proxy,skewed,tesseract,0.0,0.0,0.10768539999844506,85801
handwritten_proxy,skewed,easyocr,0.058823529411764705,0.3333333333333333,0.22847859999455977,3328968
handwritten_proxy,skewed,ours,0.0,0.0,0.12378480000188574,2103740
handwritten_proxy,low_contrast,tesseract,0.0,0.0,0.1151112999941688,85801
handwritten_proxy,low_contrast,easyocr,0.058823529411764705,0.3333333333333333,0.23225050000473857,3328968
handwritten_proxy,low_contrast,ours,0.0,0.0,0.15412690000084694,2103740
handwritten_proxy,smudged,tesseract,0.0,0.0,0.12458099999639671,85801
handwritten_proxy,smudged,easyocr,0.11764705882352941,0.3333333333333333,0.3296130999951856,3328968
handwritten_proxy,smudged,ours,0.0,0.0,0.12990040000295267,2103740
handwritten_proxy,jpeg_compressed,tesseract,0.0,0.0,0.14103709999471903,85801
handwritten_proxy,jpeg_compressed,easyocr,0.058823529411764705,0.3333333333333333,0.22102219999942463,3328968
handwritten_proxy,jpeg_compressed,ours,0.0,0.0,0.13083059999917168,2103740
handwritten_proxy,combo_hard,tesseract,0.0,0.0,0.11296120000770316,151402
handwritten_proxy,combo_hard,easyocr,0.058823529411764705,0.3333333333333333,0.25508639999316074,3328968
handwritten_proxy,combo_hard,ours,0.0,0.0,0.5154670999909285,3584832
printed,clean,tesseract,0.0,0.0,0.1301759000052698,85929
printed,clean,easyocr,0.0,0.0,0.26526399998692796,3328968
printed,clean,ours,0.0,0.0,0.1349772999965353,2103740
printed,light_blur,tesseract,0.0,0.0,0.104429800005164,85801
printed,light_blur,easyocr,0.0,0.0,0.40298700000857934,3328968
printed,light_blur,ours,0.0,0.0,0.12729079999553505,2103740
printed,heavy_blur,tesseract,0.08695652173913043,1.0,0.1498732000036398,85801
printed,heavy_blur,easyocr,0.043478260869565216,0.3333333333333333,0.32684040001186077,3328968
printed,heavy_blur,ours,0.043478260869565216,0.3333333333333333,0.38486039999406785,3584468
printed,motion_blur,tesseract,0.17391304347826086,0.6666666666666666,0.14251700000022538,85929
printed,motion_blur,easyocr,0.8260869565217391,1.0,0.4443780000001425,3328968
printed,motion_blur,ours,0.5652173913043478,1.0,0.4562834000098519,3584407
printed,noisy,tesseract,0.0,0.0,1.874050400001579,151466
printed,noisy,easyocr,0.0,0.0,0.2422960999974748,3328968
printed,noisy,ours,0.0,0.0,0.21777899999869987,2103740
printed,salt_pepper,tesseract,1.0,1.0,0.09516579999763053,85801
printed,salt_pepper,easyocr,0.0,0.0,0.3202657000074396,3328968
printed,salt_pepper,ours,0.0,0.0,0.130536899989238,2103740
printed,skewed,tesseract,0.043478260869565216,0.3333333333333333,0.10391779999190476,85801
printed,skewed,easyocr,0.0,0.0,0.24055760000192095,3328968
printed,skewed,ours,0.0,0.0,0.1412750000017695,2103740
printed,low_contrast,tesseract,0.0,0.0,0.09671179999713786,85801
printed,low_contrast,easyocr,0.0,0.0,0.23318080000171904,3328968
printed,low_contrast,ours,0.0,0.0,0.12224009999772534,2103740
printed,smudged,tesseract,0.0,0.0,0.11395240000274498,85801
printed,smudged,easyocr,0.0,0.0,0.3758341000066139,3328968
printed,smudged,ours,0.0,0.0,0.13513579999562353,2103740
printed,jpeg_compressed,tesseract,0.0,0.0,0.1248996999929659,85801
printed,jpeg_compressed,easyocr,0.0,0.0,0.39338369999313727,3328968
printed,jpeg_compressed,ours,0.0,0.0,0.4878020000032848,2103740
printed,combo_hard,tesseract,0.0,0.0,0.10240980000526179,151402
printed,combo_hard,easyocr,0.0,0.0,0.25028520000341814,3328968
printed,combo_hard,ours,0.0,0.0,0.43586309999227524,3584632
handwritten_proxy,clean,tesseract,0.08695652173913043,0.3333333333333333,0.15915079999831505,85929
handwritten_proxy,clean,easyocr,0.0,0.0,0.35730440000770614,3328968
handwritten_proxy,clean,ours,0.08695652173913043,0.3333333333333333,0.1353231999964919,2103740
handwritten_proxy,light_blur,tesseract,0.043478260869565216,0.6666666666666666,0.12697530000878032,85801
handwritten_proxy,light_blur,easyocr,0.0,0.0,0.2510083999950439,3328968
handwritten_proxy,light_blur,ours,0.043478260869565216,0.6666666666666666,0.13800829999672715,2103740
handwritten_proxy,heavy_blur,tesseract,0.0,0.0,0.11599229999410454,85738
handwritten_proxy,heavy_blur,easyocr,0.2608695652173913,1.3333333333333333,0.3114449999993667,3328968
handwritten_proxy,heavy_blur,ours,0.043478260869565216,0.3333333333333333,0.4971360000054119,3584754
handwritten_proxy,motion_blur,tesseract,0.2608695652173913,1.3333333333333333,0.1361252000060631,85929
handwritten_proxy,motion_blur,easyocr,0.21739130434782608,1.0,0.32070749999547843,3328968
handwritten_proxy,motion_blur,ours,0.2608695652173913,1.3333333333333333,0.1204174000013154,2103740
handwritten_proxy,noisy,tesseract,0.043478260869565216,0.6666666666666666,0.12884760000451934,151402
handwritten_proxy,noisy,easyocr,0.0,0.0,0.2559259999979986,3328968
handwritten_proxy,noisy,ours,0.08695652173913043,1.0,0.2515259999927366,2103740
handwritten_proxy,salt_pepper,tesseract,1.0,1.0,0.1293423999886727,85801
handwritten_proxy,salt_pepper,easyocr,0.08695652173913043,0.3333333333333333,0.2891756000026362,3328968
handwritten_proxy,salt_pepper,ours,0.0,0.0,0.14229029999114573,2103740
handwritten_proxy,skewed,tesseract,0.043478260869565216,0.3333333333333333,0.11183910000545438,85801
handwritten_proxy,skewed,easyocr,0.0,0.0,0.2488383000018075,3328968
handwritten_proxy,skewed,ours,0.043478260869565216,0.6666666666666666,0.11010970000643283,2103740
handwritten_proxy,low_contrast,tesseract,0.13043478260869565,1.0,0.12648419999459293,85801
handwritten_proxy,low_contrast,easyocr,0.0,0.0,0.35803869999654125,3328968
handwritten_proxy,low_contrast,ours,0.13043478260869565,1.0,0.38068429999111686,2103740
handwritten_proxy,smudged,tesseract,0.13043478260869565,1.0,0.09375500000896864,85801
handwritten_proxy,smudged,easyocr,0.043478260869565216,0.6666666666666666,0.2382194000092568,3328968
handwritten_proxy,smudged,ours,0.13043478260869565,1.0,0.1352008000103524,2103740
handwritten_proxy,jpeg_compressed,tesseract,0.0,0.0,0.11849490000167862,85801
handwritten_proxy,jpeg_compressed,easyocr,0.0,0.0,0.2586435999983223,3328968
handwritten_proxy,jpeg_compressed,ours,0.0,0.0,0.1443654000031529,2103740
handwritten_proxy,combo_hard,tesseract,0.043478260869565216,0.3333333333333333,0.16661939999903552,151402
handwritten_proxy,combo_hard,easyocr,0.0,0.0,0.2395812000031583,3328968
handwritten_proxy,combo_hard,ours,0.043478260869565216,0.6666666666666666,0.5460369000065839,3584459
printed,clean,tesseract,0.0,0.0,0.10837220000394154,85686
printed,clean,easyocr,0.0,0.0,0.23430529999313876,3328968
printed,clean,ours,0.0,0.0,0.11580010000034235,2103740
printed,light_blur,tesseract,0.0,0.0,0.11936710000736639,85801
printed,light_blur,easyocr,0.0,0.0,0.32019719999516383,3328968
printed,light_blur,ours,0.0,0.0,0.12912489999143872,2103740
printed,heavy_blur,tesseract,0.0,0.0,0.12316060000739526,85801
printed,heavy_blur,easyocr,0.2,0.8,0.24313360000087414,3328968
printed,heavy_blur,ours,0.0,0.0,0.3758481000113534,3584743
printed,motion_blur,tesseract,0.2,0.4,0.11230470000009518,85801
printed,motion_blur,easyocr,0.72,1.0,0.44462140000541694,3328968
printed,motion_blur,ours,0.2,0.4,0.6085508999967715,3584644
printed,noisy,tesseract,0.0,0.0,0.13616680000268389,151402
printed,noisy,easyocr,0.0,0.0,0.2552697000064654,3328968
printed,noisy,ours,0.0,0.0,0.4294439999939641,3584391
printed,salt_pepper,tesseract,1.0,1.0,0.1362659000005806,85738
printed,salt_pepper,easyocr,0.04,0.4,0.3589016000041738,3328968
printed,salt_pepper,ours,0.0,0.0,0.12405250000301749,2103740
printed,skewed,tesseract,0.0,0.0,0.11505789999500848,85801
printed,skewed,easyocr,0.8,0.8,0.25508350000018254,3328968
printed,skewed,ours,0.0,0.0,0.1383574000064982,2103740
printed,low_contrast,tesseract,0.0,0.0,0.09938069999043364,85738
printed,low_contrast,easyocr,0.0,0.0,0.24510519999603275,3328968
printed,low_contrast,ours,0.0,0.0,0.14254659999278374,2103740
printed,smudged,tesseract,0.0,0.0,0.1537157999991905,85801
printed,smudged,easyocr,0.0,0.0,0.3129017000028398,3328968
printed,smudged,ours,0.0,0.0,0.10537889999977779,2103740
printed,jpeg_compressed,tesseract,0.0,0.0,0.11680449999403208,85801
printed,jpeg_compressed,easyocr,0.0,0.0,0.2265209000033792,3328968
printed,jpeg_compressed,ours,0.0,0.0,0.12385129999893252,2103740
printed,combo_hard,tesseract,0.52,1.0,0.12393980000342708,151402
printed,combo_hard,easyocr,0.0,0.0,0.23639489999914076,3328968
printed,combo_hard,ours,0.28,0.6,0.6164184999943245,3584565
handwritten_proxy,clean,tesseract,0.08,0.4,0.16066540000610985,85749
handwritten_proxy,clean,easyocr,0.08,0.6,0.35012109999661334,3328968
handwritten_proxy,clean,ours,0.08,0.4,0.12407669999811333,2103740
handwritten_proxy,light_blur,tesseract,0.04,0.2,0.11877600000298116,85801
handwritten_proxy,light_blur,easyocr,0.52,0.8,0.23932690000219736,3328968
handwritten_proxy,light_blur,ours,0.04,0.2,0.12078789999941364,2103740
handwritten_proxy,heavy_blur,tesseract,0.04,0.2,0.10426040001038928,85801
handwritten_proxy,heavy_blur,easyocr,0.52,0.6,0.4330858999892371,3328968
handwritten_proxy,heavy_blur,ours,0.0,0.0,0.3960460999951465,3584869
handwritten_proxy,motion_blur,tesseract,0.04,0.2,0.1536225000018021,85801
handwritten_proxy,motion_blur,easyocr,0.36,1.0,0.27316110000538174,3328968
handwritten_proxy,motion_blur,ours,0.08,0.4,0.5653493999998318,3584349
handwritten_proxy,noisy,tesseract,0.08,0.4,0.14596950000850484,151339
handwritten_proxy,noisy,easyocr,0.52,0.8,0.3911636999982875,3328968
handwritten_proxy,noisy,ours,0.08,0.4,0.2587887999980012,2103740
handwritten_proxy,salt_pepper,tesseract,1.0,1.0,0.08540670000365935,85738
handwritten_proxy,salt_pepper,easyocr,0.56,1.0,0.2889133000135189,3328968
handwritten_proxy,salt_pepper,ours,0.0,0.0,0.11664930000551976,2103740
handwritten_proxy,skewed,tesseract,0.04,0.2,0.1397101000038674,85749
handwritten_proxy,skewed,easyocr,0.16,1.0,0.3161651999980677,3328968
handwritten_proxy,skewed,ours,0.08,0.4,0.1234664000076009,2103740
handwritten_proxy,low_contrast,tesseract,0.08,0.4,0.11275349999777973,85801
handwritten_proxy,low_contrast,easyocr,0.56,0.8,0.2574486999947112,3328968
handwritten_proxy,low_contrast,ours,0.08,0.4,0.12192350000259466,2103740
handwritten_proxy,smudged,tesseract,0.08,0.4,0.11993689999508206,85749
handwritten_proxy,smudged,easyocr,0.52,0.8,0.24350409999897238,3328968
handwritten_proxy,smudged,ours,0.08,0.4,0.1301683000056073,2103740
handwritten_proxy,jpeg_compressed,tesseract,0.08,0.4,0.16827350000676233,85749
handwritten_proxy,jpeg_compressed,easyocr,0.52,0.8,0.36650940000254195,3328968
handwritten_proxy,jpeg_compressed,ours,0.08,0.4,0.1614625999936834,2103740
handwritten_proxy,combo_hard,tesseract,0.04,0.2,0.16066569999384228,151402
handwritten_proxy,combo_hard,easyocr,0.04,0.4,0.2506691999878967,3328968
handwritten_proxy,combo_hard,ours,0.08,0.4,0.4604873000062071,3584855
printed,clean,tesseract,0.0,0.0,0.11442659999011084,85801
printed,clean,easyocr,0.0,0.0,0.23318500000459608,3328968
printed,clean,ours,0.0,0.0,0.13129790000675712,2103740
printed,light_blur,tesseract,0.0,0.0,0.1517057000019122,85801
printed,light_blur,easyocr,0.041666666666666664,0.2,0.35833329999877606,3328968
printed,light_blur,ours,0.0,0.0,0.13175720001163427,2103740
printed,heavy_blur,tesseract,0.0,0.0,0.14064240000152495,85801
printed,heavy_blur,easyocr,0.125,0.4,0.26062679999449756,3328968
printed,heavy_blur,ours,0.0,0.0,0.3685667000099784,3584861
printed,motion_blur,tesseract,0.20833333333333334,0.6,0.14208700000017416,85801
printed,motion_blur,easyocr,0.6666666666666666,1.0,0.455445100000361,3328968
printed,motion_blur,ours,0.5833333333333334,1.0,0.4520870999986073,3584385
printed,noisy,tesseract,0.0,0.0,0.1452632000000449,151402
printed,noisy,easyocr,0.0,0.0,0.25945230000070296,3328968
printed,noisy,ours,0.0,0.0,0.564460700014024,3584652
printed,salt_pepper,tesseract,1.0,1.0,0.123801599998842,85801
printed,salt_pepper,easyocr,0.25,1.0,0.3904307000047993,3328968
printed,salt_pepper,ours,0.041666666666666664,0.2,0.13445820000197273,2103740
printed,skewed,tesseract,0.0,0.0,0.11683919999632053,85801
printed,skewed,easyocr,0.0,0.0,0.25154890000703745,3328968
printed,skewed,ours,0.0,0.0,0.1436970999930054,2103740
printed,low_contrast,tesseract,0.0,0.0,0.1039504000073066,85749
printed,low_contrast,easyocr,0.041666666666666664,0.2,0.25985729999956675,3328968
printed,low_contrast,ours,0.0,0.0,0.16142969999054912,2103740
printed,smudged,tesseract,0.041666666666666664,0.4,0.15595570000004955,85801
printed,smudged,easyocr,0.0,0.0,0.28525479999370873,3328968
printed,smudged,ours,0.041666666666666664,0.4,0.11499070000718348,2103740
printed,jpeg_compressed,tesseract,0.0,0.0,0.12248730000283103,85801
printed,jpeg_compressed,easyocr,0.0,0.0,0.26171510000131093,3328968
printed,jpeg_compressed,ours,0.0,0.0,0.14737809999496676,2103740
printed,combo_hard,tesseract,0.0,0.0,0.11138309999660123,151402
printed,combo_hard,easyocr,0.041666666666666664,0.2,0.3933552999951644,3328968
printed,combo_hard,ours,0.0,0.0,0.8327370999904815,3584753
handwritten_proxy,clean,tesseract,0.041666666666666664,0.2,0.12201029999414459,85801
handwritten_proxy,clean,easyocr,0.041666666666666664,0.4,0.23267840000335127,3328968
handwritten_proxy,clean,ours,0.041666666666666664,0.2,0.13657960000273306,2103740
handwritten_proxy,light_blur,tesseract,0.041666666666666664,0.2,0.11530710000079125,85801
handwritten_proxy,light_blur,easyocr,0.08333333333333333,0.4,0.2556975999905262,3328968
handwritten_proxy,light_blur,ours,0.041666666666666664,0.2,0.1575719999964349,2103740
handwritten_proxy,heavy_blur,tesseract,0.041666666666666664,0.2,0.13980390000506304,85801
handwritten_proxy,heavy_blur,easyocr,0.041666666666666664,0.2,0.3740424999996321,3328968
handwritten_proxy,heavy_blur,ours,0.041666666666666664,0.2,0.43549560000246856,3584890
handwritten_proxy,motion_blur,tesseract,0.0,0.0,0.14442820000112988,85801
handwritten_proxy,motion_blur,easyocr,0.4583333333333333,1.0,0.3435938000038732,3328968
handwritten_proxy,motion_blur,ours,0.041666666666666664,0.2,0.6617716000037035,3584554
handwritten_proxy,noisy,tesseract,0.041666666666666664,0.2,0.13434410000627395,151350
handwritten_proxy,noisy,easyocr,0.125,0.8,0.25488719998975284,3328968
handwritten_proxy,noisy,ours,0.041666666666666664,0.2,0.23234050000610296,2103740
handwritten_proxy,salt_pepper,tesseract,1.0,1.0,0.08364939999592025,85749
handwritten_proxy,salt_pepper,easyocr,0.2916666666666667,1.0,0.2576072999945609,3328968
handwritten_proxy,salt_pepper,ours,0.08333333333333333,0.4,0.15137520000280347,2103740
handwritten_proxy,skewed,tesseract,1.0,1.0,0.13751570000022184,85801
handwritten_proxy,skewed,easyocr,0.6666666666666666,0.4,0.4480355999985477,3328968
handwritten_proxy,skewed,ours,0.041666666666666664,0.2,0.14557150000473484,2103740
handwritten_proxy,low_contrast,tesseract,0.041666666666666664,0.2,0.11044370000308845,85801
handwritten_proxy,low_contrast,easyocr,0.125,0.8,0.25577780000458006,3328968
handwritten_proxy,low_contrast,ours,0.041666666666666664,0.2,0.14773430000059307,2103740
handwritten_proxy,smudged,tesseract,0.08333333333333333,0.4,0.1083550000039395,85801
handwritten_proxy,smudged,easyocr,0.125,0.8,0.33168319999822415,3328968
handwritten_proxy,smudged,ours,0.08333333333333333,0.4,0.1609757999976864,2103740
handwritten_proxy,jpeg_compressed,tesseract,0.041666666666666664,0.2,0.1265185000083875,85801
handwritten_proxy,jpeg_compressed,easyocr,0.08333333333333333,0.4,0.26648419999401085,3328968
handwritten_proxy,jpeg_compressed,ours,0.041666666666666664,0.2,0.13100939999276306,2103740
handwritten_proxy,combo_hard,tesseract,0.041666666666666664,0.2,0.12477710000530351,151402
handwritten_proxy,combo_hard,easyocr,0.0,0.0,0.2578808999969624,3328968
handwritten_proxy,combo_hard,ours,0.041666666666666664,0.2,0.21909990000131074,2103740
printed,clean,tesseract,0.0,0.0,0.12365949999366421,85801
printed,clean,easyocr,0.0,0.0,0.43215350000537,3328968
printed,clean,ours,0.0,0.0,0.14858240001194645,2103740
printed,light_blur,tesseract,0.0,0.0,0.1651032999943709,85801
printed,light_blur,easyocr,0.0,0.0,0.3956327999912901,3328968
printed,light_blur,ours,0.0,0.0,0.14066089999687392,2103740
printed,heavy_blur,tesseract,0.07142857142857142,0.5,0.1125082999933511,85801
printed,heavy_blur,easyocr,0.17857142857142858,0.75,0.2646251999976812,3328968
printed,heavy_blur,ours,0.0,0.0,0.39903930001310073,3584885
printed,motion_blur,tesseract,0.5,1.25,0.12701349999406375,85801
printed,motion_blur,easyocr,0.8571428571428571,1.0,0.5110719000076642,3328968
printed,motion_blur,ours,0.5357142857142857,1.5,0.7084733999945456,3584988
printed,noisy,tesseract,0.0,0.0,0.15763260000676382,151402
printed,noisy,easyocr,0.0,0.0,0.25564249999297317,3328968
printed,noisy,ours,0.0,0.0,0.23578479999559931,2103740
printed,salt_pepper,tesseract,1.0,1.0,0.08374789998924825,85801
printed,salt_pepper,easyocr,0.10714285714285714,0.5,0.44126979999418836,3328968
printed,salt_pepper,ours,0.0,0.0,0.1468223000119906,2103740
printed,skewed,tesseract,0.0,0.0,0.11002170000574552,85801
printed,skewed,easyocr,0.5714285714285714,0.5,0.2766282000084175,3328968
printed,skewed,ours,0.0,0.0,0.13479379999625962,2103740
printed,low_contrast,tesseract,0.0,0.0,0.10960709999199025,85801
printed,low_contrast,easyocr,0.0,0.0,0.2865868000080809,3328968
printed,low_contrast,ours,0.0,0.0,0.16595090000191703,2103740
printed,smudged,tesseract,0.0,0.0,0.15975279999838676,85801
printed,smudged,easyocr,0.0,0.0,0.4957365000009304,3328968
printed,smudged,ours,0.0,0.0,0.15417429999797605,2103740
printed,jpeg_compressed,tesseract,0.0,0.0,0.12244550000468735,85801
printed,jpeg_compressed,easyocr,0.0,0.0,0.3207875000080094,3328968
printed,jpeg_compressed,ours,0.0,0.0,0.15363260000594892,2103740
printed,combo_hard,tesseract,0.6071428571428571,0.75,0.11205389999668114,151402
printed,combo_hard,easyocr,0.03571428571428571,0.25,0.43799540000327397,3328968
printed,combo_hard,ours,1.0357142857142858,1.5,0.5909225000068545,3583590
handwritten_proxy,clean,tesseract,0.03571428571428571,0.25,0.12031529999512713,85801
handwritten_proxy,clean,easyocr,0.10714285714285714,1.0,0.2579965000040829,3328968
handwritten_proxy,clean,ours,0.03571428571428571,0.25,0.14139420000719838,2103740
handwritten_proxy,light_blur,tesseract,0.03571428571428571,0.25,0.11730660000466742,85749
handwritten_proxy,light_blur,easyocr,0.0,0.0,0.39070299999730196,3328968
handwritten_proxy,light_blur,ours,0.03571428571428571,0.25,0.13916770000651013,2103740
handwritten_proxy,heavy_blur,tesseract,0.03571428571428571,0.25,0.13718089999747463,85801
handwritten_proxy,heavy_blur,easyocr,0.0,0.0,0.2587411999993492,3328968
handwritten_proxy,heavy_blur,ours,0.03571428571428571,0.25,0.38637890000245534,3584614
handwritten_proxy,motion_blur,tesseract,0.4642857142857143,0.75,0.1238011999957962,85749
handwritten_proxy,motion_blur,easyocr,0.25,1.0,0.29273439999087714,3328968
handwritten_proxy,motion_blur,ours,0.4642857142857143,0.75,0.12179879999894183,2103740
handwritten_proxy,noisy,tesseract,0.03571428571428571,0.25,0.17622940000728704,151350
handwritten_proxy,noisy,easyocr,0.03571428571428571,0.5,0.3188755000010133,3328968
handwritten_proxy,noisy,ours,0.03571428571428571,0.25,0.23816049999732058,2103740
handwritten_proxy,salt_pepper,tesseract,1.0,1.0,0.08510979999846313,85801
handwritten_proxy,salt_pepper,easyocr,0.14285714285714285,1.0,0.2517535999941174,3328968
handwritten_proxy,salt_pepper,ours,0.03571428571428571,0.25,0.12092840000696015,2103740
handwritten_proxy,skewed,tesseract,0.17857142857142858,1.25,0.11200110000208952,85801
handwritten_proxy,skewed,easyocr,0.07142857142857142,0.25,0.2914435999991838,3328968
handwritten_proxy,skewed,ours,0.03571428571428571,0.25,0.14344170001277234,2103740
handwritten_proxy,low_contrast,tesseract,0.03571428571428571,0.25,0.12428170000202954,85801
handwritten_proxy,low_contrast,easyocr,0.10714285714285714,0.5,0.261385000005248,3328968
handwritten_proxy,low_contrast,ours,0.03571428571428571,0.25,0.1469022999954177,2103740
handwritten_proxy,smudged,tesseract,0.03571428571428571,0.25,0.10947930000838824,85801
handwritten_proxy,smudged,easyocr,0.10714285714285714,1.0,0.26684799999929965,3328968
handwritten_proxy,smudged,ours,0.03571428571428571,0.25,0.14212860001134686,2103740
handwritten_proxy,jpeg_compressed,tesseract,0.03571428571428571,0.25,0.13967869999760296,85801
handwritten_proxy,jpeg_compressed,easyocr,0.07142857142857142,0.75,0.3981592000054661,3328968
handwritten_proxy,jpeg_compressed,ours,0.03571428571428571,0.25,0.17470499999762978,2103740
handwritten_proxy,combo_hard,tesseract,0.03571428571428571,0.25,0.15593209999497049,151402
handwritten_proxy,combo_hard,easyocr,0.0,0.0,0.2619599999889033,3328968
handwritten_proxy,combo_hard,ours,0.03571428571428571,0.25,0.4726541999989422,3584411
printed,clean,tesseract,0.0,0.0,0.1204715999920154,85801
printed,clean,easyocr,0.0,0.0,0.36573190000490285,3328968
printed,clean,ours,0.0,0.0,0.13584369998716284,2103740
printed,light_blur,tesseract,0.0,0.0,0.1538962999911746,85749
printed,light_blur,easyocr,0.0,0.0,0.25529980000283103,3328968
printed,light_blur,ours,0.0,0.0,0.13535029999911785,2103740
printed,heavy_blur,tesseract,0.0,0.0,0.11233190000348259,85801
printed,heavy_blur,easyocr,0.3076923076923077,0.8,0.2955098999955226,3328968
printed,heavy_blur,ours,0.0,0.0,0.5224333999940427,3584940
printed,motion_blur,tesseract,0.19230769230769232,0.8,0.12915500000235625,85801
printed,motion_blur,easyocr,0.5769230769230769,1.0,0.33110799999849405,3328968
printed,motion_blur,ours,0.34615384615384615,1.0,0.44835150000290014,3584278
printed,noisy,tesseract,0.0,0.0,0.16004200000315905,151402
printed,noisy,easyocr,0.0,0.0,0.23695649999717716,3328968
printed,noisy,ours,0.0,0.0,0.23712170000362676,2103740
printed,salt_pepper,tesseract,1.0,1.0,0.14489869998942595,85749
printed,salt_pepper,easyocr,0.0,0.0,0.3026411999890115,3328968
printed,salt_pepper,ours,0.0,0.0,0.14016130000527482,2103740
printed,skewed,tesseract,0.038461538461538464,0.2,0.1412523000035435,85801
printed,skewed,easyocr,0.0,0.0,0.23515469999983907,3328968
printed,skewed,ours,0.0,0.0,0.12492449999263044,2103740
printed,low_contrast,tesseract,0.0,0.0,0.11481650000496302,85801
printed,low_contrast,easyocr,0.0,0.0,0.23948699999891687,3328968
printed,low_contrast,ours,0.0,0.0,0.1294427000102587,2103740
printed,smudged,tesseract,0.0,0.0,0.10402960001374595,85801
printed,smudged,easyocr,0.0,0.0,0.4011861000035424,3328968
printed,smudged,ours,0.0,0.0,0.13646940000762697,2103740
printed,jpeg_compressed,tesseract,0.0,0.0,0.11248189999605529,85801
printed,jpeg_compressed,easyocr,0.0,0.0,0.2659467999910703,3328968
printed,jpeg_compressed,ours,0.0,0.0,0.12936969999282155,2103740
printed,combo_hard,tesseract,1.0,1.0,0.10765009999158792,151350
printed,combo_hard,easyocr,0.0,0.0,0.2339298000006238,3328968
printed,combo_hard,ours,0.038461538461538464,0.2,0.6375904000014998,3584925
handwritten_proxy,clean,tesseract,0.0,0.0,0.14278409999678843,85801
handwritten_proxy,clean,easyocr,0.038461538461538464,0.4,0.39140880000195466,3328968
handwritten_proxy,clean,ours,0.0,0.0,0.1443695000052685,2103740
handwritten_proxy,light_blur,tesseract,0.038461538461538464,0.2,0.11724769999273121,85801
handwritten_proxy,light_blur,easyocr,0.0,0.0,0.25109489999886137,3328968
handwritten_proxy,light_blur,ours,0.038461538461538464,0.2,0.1477191000012681,2103740
handwritten_proxy,heavy_blur,tesseract,0.0,0.0,0.11047830000461545,85801
handwritten_proxy,heavy_blur,easyocr,0.07692307692307693,0.4,0.3936127999913879,3328968
handwritten_proxy,heavy_blur,ours,0.0,0.0,0.41853519999131095,3584927
handwritten_proxy,motion_blur,tesseract,0.23076923076923078,0.6,0.12700110000150744,85801
handwritten_proxy,motion_blur,easyocr,0.4230769230769231,1.0,0.29055049999442417,3328968
handwritten_proxy,motion_blur,ours,0.34615384615384615,0.8,0.1324981000070693,2103740
handwritten_proxy,noisy,tesseract,0.0,0.0,0.11929519999830518,151402
handwritten_proxy,noisy,easyocr,0.038461538461538464,0.4,0.3286599999992177,3328968
handwritten_proxy,noisy,ours,0.0,0.0,0.2715926999953808,2103740
handwritten_proxy,salt_pepper,tesseract,1.0,1.0,0.11885100000654347,85801
handwritten_proxy,salt_pepper,easyocr,0.038461538461538464,0.0,0.25349909999931697,3328968
handwritten_proxy,salt_pepper,ours,0.038461538461538464,0.2,0.12104070000350475,2103740
handwritten_proxy,skewed,tesseract,0.0,0.0,0.12121969999861903,85801
handwritten_proxy,skewed,easyocr,0.038461538461538464,0.4,0.2507008999964455,3328968
handwritten_proxy,skewed,ours,0.0,0.0,0.12841360000311397,2103740
handwritten_proxy,low_contrast,tesseract,0.0,0.0,0.11313939999672584,85801
handwritten_proxy,low_contrast,easyocr,0.11538461538461539,0.8,0.38213710000854917,3328968
handwritten_proxy,low_contrast,ours,0.0,0.0,0.12431620000279509,2103740
handwritten_proxy,smudged,tesseract,0.038461538461538464,0.2,0.13327179999032523,85801
handwritten_proxy,smudged,easyocr,0.038461538461538464,0.4,0.36073169999872334,3328968
handwritten_proxy,smudged,ours,0.038461538461538464,0.2,0.13455109999631532,2103740
handwritten_proxy,jpeg_compressed,tesseract,0.0,0.0,0.11055719999421854,85801
handwritten_proxy,jpeg_compressed,easyocr,0.038461538461538464,0.4,0.24462060000223573,3328968
handwritten_proxy,jpeg_compressed,ours,0.0,0.0,0.13936390000162646,2103740
handwritten_proxy,combo_hard,tesseract,0.0,0.0,0.10488389999954961,151350
handwritten_proxy,combo_hard,easyocr,0.0,0.0,0.35917630000039935,3328968
handwritten_proxy,combo_hard,ours,0.07692307692307693,0.2,0.5210672999965027,3584851
printed,clean,tesseract,0.0,0.0,0.12691430000995751,85801
printed,clean,easyocr,0.0,0.0,0.256999100005487,3328968
printed,clean,ours,0.0,0.0,0.13742460000503343,2103740
printed,light_blur,tesseract,0.0,0.0,0.11413190000166651,85801
printed,light_blur,easyocr,0.0,0.0,0.39176850000512786,3328968
printed,light_blur,ours,0.0,0.0,0.13268530000641476,2103740
printed,heavy_blur,tesseract,0.0,0.0,0.13911970000481233,85738
printed,heavy_blur,easyocr,0.30434782608695654,1.0,0.3539880999887828,3328968
printed,heavy_blur,ours,0.0,0.0,0.3488091000035638,3584295
printed,motion_blur,tesseract,1.0,1.0,0.12334890000056475,85801
printed,motion_blur,easyocr,0.8695652173913043,1.0,0.27304390000062995,3328968
printed,motion_blur,ours,0.2608695652173913,0.6666666666666666,0.5374302999989595,3584119
printed,noisy,tesseract,0.0,0.0,0.14846599999873433,151402
printed,noisy,easyocr,0.0,0.0,0.2278948000021046,3328968
printed,noisy,ours,0.0,0.0,0.239487899991218,2103740
printed,salt_pepper,tesseract,1.0,1.0,0.0850951000029454,85801
printed,salt_pepper,easyocr,0.0,0.0,0.224928199997521,3328968
printed,salt_pepper,ours,0.0,0.0,0.14582610000798013,2103740
printed,skewed,tesseract,0.0,0.0,0.1503816999902483,85749
printed,skewed,easyocr,0.0,0.0,0.2979804999922635,3328968
printed,skewed,ours,0.0,0.0,0.12336990000039805,2103740
printed,low_contrast,tesseract,0.043478260869565216,0.3333333333333333,0.11466960000689141,85738
printed,low_contrast,easyocr,0.0,0.0,0.2557654999982333,3328968
printed,low_contrast,ours,0.043478260869565216,0.3333333333333333,0.13179179999860935,2103740
printed,smudged,tesseract,0.0,0.0,0.12117909999506082,85749
printed,smudged,easyocr,0.0,0.0,0.32852460000140127,3328968
printed,smudged,ours,0.0,0.0,0.1388854000106221,2103740
printed,jpeg_compressed,tesseract,0.0,0.0,0.11603020000620745,85801
printed,jpeg_compressed,easyocr,0.0,0.0,0.38790760000119917,3328968
printed,jpeg_compressed,ours,0.0,0.0,0.14356060000136495,2103740
printed,combo_hard,tesseract,0.043478260869565216,0.3333333333333333,0.12659300000814255,151350
printed,combo_hard,easyocr,0.0,0.0,0.2374024000018835,3328968
printed,combo_hard,ours,0.0,0.0,0.5220998000004329,3602880
handwritten_proxy,clean,tesseract,0.0,0.0,0.14072619999933522,85801
handwritten_proxy,clean,easyocr,0.08695652173913043,1.0,0.269902700005332,3328968
handwritten_proxy,clean,ours,0.0,0.0,0.12081599999510217,2103740
handwritten_proxy,light_blur,tesseract,0.0,0.0,0.12127000000327826,85801
handwritten_proxy,light_blur,easyocr,0.08695652173913043,0.6666666666666666,0.2328925000037998,3328968
handwritten_proxy,light_blur,ours,0.0,0.0,0.12472960000741296,2103740
handwritten_proxy,heavy_blur,tesseract,0.0,0.0,0.10550609999336302,85801
handwritten_proxy,heavy_blur,easyocr,0.043478260869565216,0.3333333333333333,0.37405610000132583,3328968
handwritten_proxy,heavy_blur,ours,0.0,0.0,0.5385603000031551,3584538
handwritten_proxy,motion_blur,tesseract,0.0,0.0,0.14349139999831095,85801
handwritten_proxy,motion_blur,easyocr,0.6956521739130435,1.0,0.23182099999394268,3328968
handwritten_proxy,motion_blur,ours,0.13043478260869565,0.3333333333333333,0.14182799999252893,2103740
handwritten_proxy,noisy,tesseract,0.0,0.0,0.108436199996504,151402
handwritten_proxy,noisy,easyocr,0.08695652173913043,1.0,0.23537840000062715,3328968
handwritten_proxy,noisy,ours,0.0,0.0,0.2603213999973377,2103740
handwritten_proxy,salt_pepper,tesseract,1.0,1.0,0.13273230000049807,85801
handwritten_proxy,salt_pepper,easyocr,0.043478260869565216,0.6666666666666666,0.25807260000146925,3328968
handwritten_proxy,salt_pepper,ours,0.0,0.0,0.13665649999165908,2103740
handwritten_proxy,skewed,tesseract,1.0,1.0,0.10283970000455156,85801
handwritten_proxy,skewed,easyocr,0.13043478260869565,0.6666666666666666,0.25163669999164995,3328968
handwritten_proxy,skewed,ours,0.0,0.0,0.11263380000309553,2103740
handwritten_proxy,low_contrast,tesseract,0.0,0.0,0.10747660000924952,85801
handwritten_proxy,low_contrast,easyocr,0.08695652173913043,1.0,0.39462429999548476,3328968
handwritten_proxy,low_contrast,ours,0.0,0.0,0.12852259998908266,2103740
handwritten_proxy,smudged,tesseract,0.0,0.0,0.11888319998979568,85801
handwritten_proxy,smudged,easyocr,0.08695652173913043,1.0,0.24341769999591634,3328968
handwritten_proxy,smudged,ours,0.0,0.0,0.14004129999375436,2103740
handwritten_proxy,jpeg_compressed,tesseract,0.0,0.0,0.11722170001303311,85801
handwritten_proxy,jpeg_compressed,easyocr,0.043478260869565216,0.6666666666666666,0.24301679999916814,3328968
handwritten_proxy,jpeg_compressed,ours,0.0,0.0,0.13658079999731854,2103740
handwritten_proxy,combo_hard,tesseract,0.08695652173913043,0.3333333333333333,0.11614459998963866,151402
handwritten_proxy,combo_hard,easyocr,0.043478260869565216,0.3333333333333333,0.34875359998841304,3328968
handwritten_proxy,combo_hard,ours,0.0,0.0,0.6427831000037258,3584238
printed,clean,tesseract,0.0,0.0,0.1326822999981232,85801
printed,clean,easyocr,0.0,0.0,0.23682669999834616,3328968
printed,clean,ours,0.0,0.0,0.14307570000528358,2103740
printed,light_blur,tesseract,0.0,0.0,0.11073789998772554,85801
printed,light_blur,easyocr,0.0,0.0,0.23849340000015218,3328968
printed,light_blur,ours,0.0,0.0,0.16547550000541378,2103740
printed,heavy_blur,tesseract,0.04,0.25,0.13113069999963045,85801
printed,heavy_blur,easyocr,0.08,0.5,0.26269000000320375,3328968
printed,heavy_blur,ours,0.0,0.0,0.34181540001009125,3584541
printed,motion_blur,tesseract,0.24,0.5,0.10998490000201855,85801
printed,motion_blur,easyocr,0.76,1.0,0.2775127000059001,3328968
printed,motion_blur,ours,0.44,0.75,0.6239684000029229,3584308
printed,noisy,tesseract,0.0,0.0,0.16762000000744592,151402
printed,noisy,easyocr,0.0,0.0,0.3480474999960279,3328968
printed,noisy,ours,0.0,0.0,0.24178110000502784,2103740
printed,salt_pepper,tesseract,1.0,1.0,0.08261599999968894,85801
printed,salt_pepper,easyocr,0.12,0.5,0.2679355000000214,3328968
printed,salt_pepper,ours,0.0,0.0,0.13636530000076164,2103740
printed,skewed,tesseract,0.0,0.0,0.12416360000497662,85801
printed,skewed,easyocr,0.0,0.0,0.33655609999550506,3328968
printed,skewed,ours,0.0,0.0,0.13774679999914952,2103740
printed,low_contrast,tesseract,0.0,0.0,0.09747240001161117,85801
printed,low_contrast,easyocr,0.0,0.0,0.22893530000874307,3328968
printed,low_contrast,ours,0.0,0.0,0.14111789999878965,2103740
printed,smudged,tesseract,0.0,0.0,0.10374920000322163,85801
printed,smudged,easyocr,0.0,0.0,0.22683020000113174,3328968
printed,smudged,ours,0.0,0.0,0.11222470000211615,2103740
printed,jpeg_compressed,tesseract,0.0,0.0,0.13401179999345914,85801
printed,jpeg_compressed,easyocr,0.0,0.0,0.3087307999958284,3328968
printed,jpeg_compressed,ours,0.0,0.0,0.14731990000291262,2103740
printed,combo_hard,tesseract,0.44,0.5,0.11114459999953397,151402
printed,combo_hard,easyocr,0.0,0.0,0.22715079999761656,3328968
printed,combo_hard,ours,0.32,1.0,0.48559550000936724,3584497
handwritten_proxy,clean,tesseract,0.0,0.0,0.13005529998918064,85801
handwritten_proxy,clean,easyocr,0.0,0.0,0.3573952000006102,3328968
handwritten_proxy,clean,ours,0.0,0.0,0.14400339999701828,2103740
handwritten_proxy,light_blur,tesseract,0.0,0.0,0.12737590000324417,85801
handwritten_proxy,light_blur,easyocr,0.04,0.5,0.3703447000007145,3328968
handwritten_proxy,light_blur,ours,0.0,0.0,0.15105620000394993,2103740
handwritten_proxy,heavy_blur,tesseract,0.0,0.0,0.10842439999396447,85801
handwritten_proxy,heavy_blur,easyocr,0.0,0.0,0.23155110000516288,3328968
handwritten_proxy,heavy_blur,ours,0.0,0.0,0.4627023999928497,3584632
handwritten_proxy,motion_blur,tesseract,0.0,0.0,0.142474400010542,85801
handwritten_proxy,motion_blur,easyocr,0.2,0.75,0.310508700000355,3328968
handwritten_proxy,motion_blur,ours,0.0,0.0,0.13648319999629166,2103740
handwritten_proxy,noisy,tesseract,0.04,0.5,0.12818020000122488,151402
handwritten_proxy,noisy,easyocr,0.04,0.5,0.24468340000021271,3328968
handwritten_proxy,noisy,ours,0.04,0.5,0.19615020000492223,2103740
handwritten_proxy,salt_pepper,tesseract,1.0,1.0,0.11891879999893717,85801
handwritten_proxy,salt_pepper,easyocr,0.04,0.5,0.35251290000451263,3328968
handwritten_proxy,salt_pepper,ours,0.04,0.5,0.1545025999948848,2103740
handwritten_proxy,skewed,tesseract,0.0,0.0,0.1578363000007812,85801
handwritten_proxy,skewed,easyocr,0.04,0.5,0.25297930001397617,3328968
handwritten_proxy,skewed,ours,0.0,0.0,0.13214309999602847,2103740
handwritten_proxy,low_contrast,tesseract,0.0,0.0,0.11527750000823289,85738
handwritten_proxy,low_contrast,easyocr,0.0,0.0,0.22725459998764563,3328968
handwritten_proxy,low_contrast,ours,0.04,0.5,0.10654660000000149,2103740
handwritten_proxy,smudged,tesseract,0.0,0.0,0.1518417000042973,85801
handwritten_proxy,smudged,easyocr,0.0,0.0,0.3315417999983765,3328968
handwritten_proxy,smudged,ours,0.0,0.0,0.1273230000078911,2103740
handwritten_proxy,jpeg_compressed,tesseract,0.04,0.5,0.12062549999973271,85749
handwritten_proxy,jpeg_compressed,easyocr,0.04,0.5,0.2314947000122629,3328968
handwritten_proxy,jpeg_compressed,ours,0.04,0.5,0.14161360000434797,2103740
handwritten_proxy,combo_hard,tesseract,1.0,1.0,0.10423260000243317,151402
handwritten_proxy,combo_hard,easyocr,0.0,0.0,0.22017380000033882,3328968
handwritten_proxy,combo_hard,ours,0.0,0.0,0.5591982000041753,3584479
printed,clean,tesseract,0.0,0.0,0.11417319999600295,85801
printed,clean,easyocr,0.0,0.0,0.23688430000038352,3328968
printed,clean,ours,0.0,0.0,0.12024770000425633,2103740
printed,light_blur,tesseract,0.0,0.0,0.11522979999426752,85801
printed,light_blur,easyocr,0.0,0.0,0.27678179999929853,3328968
printed,light_blur,ours,0.0,0.0,0.11209999999846332,2103740
printed,heavy_blur,tesseract,0.0,0.0,0.15033669999684207,85801
printed,heavy_blur,easyocr,0.08333333333333333,0.5,0.4214219999994384,3328968
printed,heavy_blur,ours,0.041666666666666664,0.25,0.4946664999879431,3584587
printed,motion_blur,tesseract,0.5833333333333334,1.0,0.1327521000057459,85749
printed,motion_blur,easyocr,0.7083333333333334,1.0,0.28896309999981895,3328968
printed,motion_blur,ours,0.5416666666666666,1.0,0.4534374999930151,3584189
printed,noisy,tesseract,0.0,0.0,0.16644439999072347,151402
printed,noisy,easyocr,0.0,0.0,0.3124477000092156,3328968
printed,noisy,ours,0.0,0.0,0.22135659999912605,2103740
printed,salt_pepper,tesseract,1.0,1.0,0.08414360000460874,85801
printed,salt_pepper,easyocr,0.041666666666666664,0.25,0.252475700006471,3328968
printed,salt_pepper,ours,0.0,0.0,0.13554809999186546,2103740
printed,skewed,tesseract,0.0,0.0,0.10090940000372939,85801
printed,skewed,easyocr,0.4166666666666667,0.5,0.37097910000011325,3328968
printed,skewed,ours,0.0,0.0,0.13955979999445844,2103740
printed,low_contrast,tesseract,0.0,0.0,0.1600557000056142,85801
printed,low_contrast,easyocr,0.0,0.0,0.3518670000048587,3328968
printed,low_contrast,ours,0.0,0.0,0.12162710000120569,2103740
printed,smudged,tesseract,0.0,0.0,0.10904560000926722,85801
printed,smudged,easyocr,0.0,0.0,0.2543681999959517,3328968
printed,smudged,ours,0.0,0.0,0.1251209000038216,2103740
printed,jpeg_compressed,tesseract,0.0,0.0,0.11671740000019781,85801
printed,jpeg_compressed,easyocr,0.0,0.0,0.366788400002406,3328968
printed,jpeg_compressed,ours,0.0,0.0,0.1410155999910785,2103740
printed,combo_hard,tesseract,0.8333333333333334,1.0,0.1290525000076741,151402
printed,combo_hard,easyocr,0.0,0.0,0.24152440000034403,3328968
printed,combo_hard,ours,0.125,0.5,0.44732890000159387,3584687
handwritten_proxy,clean,tesseract,0.0,0.0,0.13953240000410005,85801
handwritten_proxy,clean,easyocr,0.041666666666666664,0.5,0.3807459000090603,3328968
handwritten_proxy,clean,ours,0.0,0.0,0.13794339999731164,2103740
handwritten_proxy,light_blur,tesseract,0.0,0.0,0.11903079999319743,85801
handwritten_proxy,light_blur,easyocr,0.0,0.0,0.2625246999959927,3328968
handwritten_proxy,light_blur,ours,0.0,0.0,0.14861580000433605,2103740
handwritten_proxy,heavy_blur,tesseract,0.0,0.0,0.10635519999777898,85801
handwritten_proxy,heavy_blur,easyocr,0.041666666666666664,0.25,0.25734120000561234,3328968
handwritten_proxy,heavy_blur,ours,0.0,0.0,0.45125269998970907,3584492
handwritten_proxy,motion_blur,tesseract,0.08333333333333333,0.25,0.1550920000008773,85801
handwritten_proxy,motion_blur,easyocr,0.375,1.0,0.430680300007225,3328968
handwritten_proxy,motion_blur,ours,0.20833333333333334,0.5,0.5023208000056911,3584408
handwritten_proxy,noisy,tesseract,0.0,0.0,0.13717000000178814,151402
handwritten_proxy,noisy,easyocr,0.041666666666666664,0.5,0.25819870000123046,3328968
handwritten_proxy,noisy,ours,0.041666666666666664,0.25,0.2126780999969924,2103740
handwritten_proxy,salt_pepper,tesseract,1.0,1.0,0.09494290000293404,85801
handwritten_proxy,salt_pepper,easyocr,0.125,0.75,0.3825958000088576,3328968
handwritten_proxy,salt_pepper,ours,0.0,0.0,0.14220049999130424,2103740
handwritten_proxy,skewed,tesseract,0.0,0.0,0.11041959999420214,85801
handwritten_proxy,skewed,easyocr,0.041666666666666664,0.5,0.22231189999729395,3328968
handwritten_proxy,skewed,ours,0.0,0.0,0.13329360001080204,2103740
handwritten_proxy,low_contrast,tesseract,0.0,0.0,0.11514389999501873,85801
handwritten_proxy,low_contrast,easyocr,0.041666666666666664,0.5,0.23077599999669474,3328968
handwritten_proxy,low_contrast,ours,0.041666666666666664,0.25,0.16632999999274034,2103740
handwritten_proxy,smudged,tesseract,0.0,0.0,0.1574276000028476,85801
handwritten_proxy,smudged,easyocr,0.0,0.0,0.3988616999995429,3328968
handwritten_proxy,smudged,ours,0.0,0.0,0.13492939999559894,2103740
handwritten_proxy,jpeg_compressed,tesseract,0.0,0.0,0.1268055000109598,85801
handwritten_proxy,jpeg_compressed,easyocr,0.041666666666666664,0.5,0.26403609999397304,3328968
handwritten_proxy,jpeg_compressed,ours,0.0,0.0,0.1268294000037713,2103740
handwritten_proxy,combo_hard,tesseract,0.125,0.5,0.11081560001184698,151402
handwritten_proxy,combo_hard,easyocr,0.0,0.0,0.26667519999318756,3328968
handwritten_proxy,combo_hard,ours,0.08333333333333333,0.25,0.5378685000032419,3584652
printed,clean,tesseract,0.0,0.0,0.1201195000030566,85801
printed,clean,easyocr,0.0,0.0,0.2628926000033971,3328968
printed,clean,ours,0.0,0.0,0.10500499999034218,2103740
printed,light_blur,tesseract,0.0,0.0,0.12697149999439716,85801
printed,light_blur,easyocr,0.0,0.0,0.24315829999977723,3328968
printed,light_blur,ours,0.0,0.0,0.15837170000304468,2103740
printed,heavy_blur,tesseract,1.0,1.0,0.14591310000105295,85801
printed,heavy_blur,easyocr,0.08695652173913043,1.0,0.28462320000107866,3328968
printed,heavy_blur,ours,0.0,0.0,0.3913202999974601,3584265
printed,motion_blur,tesseract,0.13043478260869565,0.6666666666666666,0.11313870000594761,85801
printed,motion_blur,easyocr,0.8260869565217391,1.0,0.3008198000025004,3328968
printed,motion_blur,ours,0.17391304347826086,0.6666666666666666,0.4009397999907378,3584022
printed,noisy,tesseract,0.0,0.0,0.16965919999347534,151402
printed,noisy,easyocr,0.0,0.0,0.2918350999971153,3328968
printed,noisy,ours,0.0,0.0,0.2865198999934364,2103740
printed,salt_pepper,tesseract,1.0,1.0,0.1270609999919543,85801
printed,salt_pepper,easyocr,0.17391304347826086,1.6666666666666667,0.24844750000920612,3328968
printed,salt_pepper,ours,0.0,0.0,0.1103612000006251,2103740
printed,skewed,tesseract,0.0,0.0,0.09954840000136755,85749
printed,skewed,easyocr,0.0,0.0,0.2353131999989273,3328968
printed,skewed,ours,0.0,0.0,0.12790300000051502,2103740
printed,low_contrast,tesseract,0.0,0.0,0.15604590000293683,85801
printed,low_contrast,easyocr,0.0,0.0,0.3045256000041263,3328968
printed,low_contrast,ours,0.0,0.0,0.13498509999772068,2103740
printed,smudged,tesseract,0.0,0.0,0.11309349999646656,85749
printed,smudged,easyocr,0.0,0.0,0.2392002999986289,3328968
printed,smudged,ours,0.0,0.0,0.12482010001258459,2103740
printed,jpeg_compressed,tesseract,0.0,0.0,0.11783099999593105,85801
printed,jpeg_compressed,easyocr,0.0,0.0,0.3534351999987848,3328968
printed,jpeg_compressed,ours,0.0,0.0,0.137121500010835,2103740
printed,combo_hard,tesseract,0.21739130434782608,1.0,0.15556220000144094,151402
printed,combo_hard,easyocr,0.0,0.0,0.37040470000647474,3328968
printed,combo_hard,ours,0.08695652173913043,0.6666666666666666,0.49353720000362955,3584354
handwritten_proxy,clean,tesseract,0.08695652173913043,1.0,0.13060780000523664,85801
handwritten_proxy,clean,easyocr,0.043478260869565216,0.6666666666666666,0.23947210000187624,3328968
handwritten_proxy,clean,ours,0.08695652173913043,1.0,0.14307829999597743,2103740
handwritten_proxy,light_blur,tesseract,0.08695652173913043,1.0,0.1733202000032179,85801
handwritten_proxy,light_blur,easyocr,0.0,0.0,0.2894592999946326,3328968
handwritten_proxy,light_blur,ours,0.08695652173913043,1.0,0.1107038000045577,2103740
handwritten_proxy,heavy_blur,tesseract,0.08695652173913043,1.0,0.11337370000546798,85801
handwritten_proxy,heavy_blur,easyocr,0.08695652173913043,1.0,0.23349130000860896,3328968
handwritten_proxy,heavy_blur,ours,0.08695652173913043,1.0,0.41781600000103936,3585069
handwritten_proxy,motion_blur,tesseract,0.17391304347826086,1.3333333333333333,0.1446393999940483,85801
handwritten_proxy,motion_blur,easyocr,0.2608695652173913,1.0,0.49333779999869876,3328968
handwritten_proxy,motion_blur,ours,0.21739130434782608,1.3333333333333333,0.1272309000050882,2103740
handwritten_proxy,noisy,tesseract,0.08695652173913043,1.0,0.12833170000521932,151402
handwritten_proxy,noisy,easyocr,0.0,0.0,0.22383990000525955,3328968
handwritten_proxy,noisy,ours,0.08695652173913043,1.0,0.21254220000992063,2103740
handwritten_proxy,salt_pepper,tesseract,1.0,1.0,0.08971130001009442,85801
handwritten_proxy,salt_pepper,easyocr,0.13043478260869565,1.0,0.24183750001247972,3328968
handwritten_proxy,salt_pepper,ours,0.08695652173913043,1.0,0.1551021000050241,2103740
handwritten_proxy,skewed,tesseract,0.08695652173913043,1.0,0.13113270000030752,85801
handwritten_proxy,skewed,easyocr,0.43478260869565216,1.3333333333333333,0.3924184000061359,3328968
handwritten_proxy,skewed,ours,0.08695652173913043,1.0,0.14247229999455158,2103740
handwritten_proxy,low_contrast,tesseract,0.08695652173913043,1.0,0.12873450000188313,85801
handwritten_proxy,low_contrast,easyocr,0.0,0.0,0.25132440000015777,3328968
handwritten_proxy,low_contrast,ours,0.08695652173913043,1.0,0.13436530000763014,2103740
handwritten_proxy,smudged,tesseract,0.13043478260869565,1.0,0.11654189998807851,85801
handwritten_proxy,smudged,easyocr,0.043478260869565216,0.6666666666666666,0.23680509999394417,3328968
handwritten_proxy,smudged,ours,0.13043478260869565,1.0,0.14573020000534598,2103740
handwritten_proxy,jpeg_compressed,tesseract,0.08695652173913043,1.0,0.16154010000173002,85801
handwritten_proxy,jpeg_compressed,easyocr,0.0,0.0,0.2727298000099836,3328968
handwritten_proxy,jpeg_compressed,ours,0.08695652173913043,1.0,0.13997970000491478,2103740
handwritten_proxy,combo_hard,tesseract,0.6086956521739131,1.0,0.11431490001268685,151402
handwritten_proxy,combo_hard,easyocr,0.0,0.0,0.22942049999255687,3328968
handwritten_proxy,combo_hard,ours,0.08695652173913043,1.0,0.5539927000063471,3584364
